name,taxonomy_id,taxonomy_lvl,GF6-1P.bracken_num,GF6-1P.bracken_frac,GF6-2P.bracken_num,GF6-2P.bracken_frac,GF6-3P.bracken_num,GF6-3P.bracken_frac,GF7-1P.bracken_num,GF7-1P.bracken_frac,GF7-2P.bracken_num,GF7-2P.bracken_frac,GF7-3P.bracken_num,GF7-3P.bracken_frac,P2558.bracken_num,P2558.bracken_frac,P2560.bracken_num,P2560.bracken_frac,P2618.bracken_num,P2618.bracken_frac,P2620.bracken_num,P2620.bracken_frac,Q1T1.bracken_num,Q1T1.bracken_frac,Q2T2.bracken_num,Q2T2.bracken_frac,Q3T3.bracken_num,Q3T3.bracken_frac,Q4T8.bracken_num,Q4T8.bracken_frac,Q5T4.bracken_num,Q5T4.bracken_frac,Q5T5.bracken_num,Q5T5.bracken_frac,Q5T6.bracken_num,Q5T6.bracken_frac,Q5T9.bracken_num,Q5T9.bracken_frac,Q6T10.bracken_num,Q6T10.bracken_frac
Pseudomonas putida,303,S,0,0,0,0,0,0,0,0,0,0,0,0,95,0.00003,0,0,0,0,0,0,0,0,0,0,0,0,1434,0.00179,0,0,0,0,0,0,0,0,0,0
Streptococcus lutetiensis,150055,S,0,0,0,0,0,0,0,0,0,0,0,0,0,0,0,0,0,0,10,0,0,0,0,0,0,0,0,0,0,0,0,0,0,0,0,0,0,0
Pseudomonas sp. FDAARGOS_380,2018067,S,0,0,0,0,0,0,0,0,0,0,0,0,2316,0.00074,0,0,0,0,0,0,0,0,0,0,0,0,15,0.00002,0,0,0,0,0,0,0,0,0,0
Ottowia sp. KADR8-3,2109914,S,0,0,0,0,0,0,0,0,0,0,0,0,0,0,0,0,0,0,0,0,0,0,0,0,0,0,38,0.00005,0,0,0,0,0,0,18,0.00001,39,0.00001
Citrobacter koseri,545,S,0,0,0,0,0,0,0,0,0,0,0,0,0,0,0,0,0,0,0,0,0,0,0,0,0,0,93,0.00012,0,0,0,0,0,0,12,0.00001,49,0.00001
Lactococcus virus CB13,665883,S,0,0,0,0,0,0,0,0,0,0,0,0,0,0,0,0,11,0,0,0,0,0,0,0,0,0,0,0,0,0,0,0,0,0,0,0,14,0
Yersinia pestis,632,S,0,0,0,0,0,0,0,0,0,0,0,0,0,0,0,0,0,0,0,0,0,0,0,0,0,0,0,0,0,0,0,0,0,0,0,0,12,0
Lactobacillus gasseri,1596,S,0,0,0,0,0,0,0,0,0,0,0,0,0,0,0,0,11,0,0,0,0,0,0,0,0,0,0,0,0,0,0,0,0,0,0,0,0,0
Corynebacterium glutamicum,1718,S,0,0,0,0,0,0,0,0,0,0,0,0,15,0,0,0,34,0.00001,0,0,0,0,0,0,0,0,0,0,0,0,0,0,0,0,0,0,0,0
Corynebacterium maris,575200,S,26,0.00008,29,0.00005,0,0,17,0.00003,0,0,0,0,47,0.00002,0,0,0,0,0,0,0,0,0,0,0,0,0,0,0,0,46,0.00006,0,0,0,0,0,0
Dietzia sp. oral taxon 368,712270,S,537,0.00157,3019,0.0052,242,0.00079,89,0.00015,98,0.00015,164,0.00022,0,0,0,0,0,0,0,0,51,0.00007,168,0.00008,68,0.00004,0,0,0,0,0,0,0,0,0,0,10,0
Kocuria flava,446860,S,0,0,0,0,0,0,0,0,0,0,0,0,0,0,0,0,17,0,0,0,0,0,0,0,0,0,0,0,0,0,0,0,0,0,0,0,0,0
Janibacter indicus,857417,S,87,0.00025,90,0.00016,12,0.00004,11,0.00002,0,0,0,0,173,0.00006,0,0,16,0,0,0,146,0.0002,159,0.00007,97,0.00005,0,0,0,0,254,0.00035,19,0.00003,18,0.00001,16,0
Enterobacteriaceae bacterium ENNIH1,2066051,S,0,0,0,0,0,0,0,0,0,0,0,0,0,0,0,0,0,0,0,0,0,0,0,0,0,0,0,0,0,0,0,0,0,0,0,0,11,0
Enterobacteriaceae bacterium ENNIH2,1920109,S,0,0,0,0,0,0,0,0,0,0,0,0,0,0,0,0,0,0,14,0.00001,0,0,0,0,0,0,135,0.00017,0,0,0,0,0,0,0,0,0,0
Enterobacter cloacae complex sp. 35734,1870930,S,0,0,0,0,0,0,0,0,0,0,0,0,0,0,0,0,0,0,0,0,0,0,0,0,0,0,0,0,0,0,0,0,0,0,0,0,15,0
Proteus mirabilis,584,S,0,0,0,0,0,0,0,0,0,0,0,0,62,0.00002,0,0,0,0,0,0,0,0,0,0,0,0,0,0,0,0,0,0,0,0,0,0,0,0
Clostridium botulinum,1491,S,28,0.00008,58,0.0001,455,0.00148,165,0.00029,81,0.00012,123,0.00016,0,0,0,0,0,0,0,0,98,0.00014,693,0.00032,498,0.00027,1072,0.00134,673,0.00888,323,0.00045,421,0.0006,392,0.0002,880,0.0002
Jonesia denitrificans,43674,S,0,0,0,0,0,0,0,0,0,0,0,0,13,0,0,0,0,0,0,0,0,0,15,0.00001,10,0.00001,0,0,0,0,0,0,0,0,0,0,0,0
Staphylococcus succinus,61015,S,40,0.00012,44,0.00008,63,0.0002,204,0.00036,192,0.00029,248,0.00033,14,0,193,0.00002,1680,0.00037,675,0.00025,14,0.00002,0,0,10,0.00001,106,0.00013,0,0,95,0.00013,0,0,0,0,16,0
Klebsiella pneumoniae,573,S,0,0,0,0,0,0,0,0,0,0,0,0,11,0,114,0.00001,80,0.00002,125,0.00005,0,0,0,0,0,0,1074,0.00134,0,0,0,0,0,0,45,0.00002,99,0.00002
Rhodococcus ruber,1830,S,0,0,0,0,0,0,0,0,0,0,0,0,0,0,0,0,0,0,0,0,0,0,18,0.00001,0,0,0,0,0,0,0,0,0,0,0,0,0,0
Brachybacterium faecium,43669,S,337,0.00098,259,0.00045,25,0.00008,607,0.00106,433,0.00064,683,0.0009,354,0.00011,40,0,38,0.00001,0,0,1656,0.00232,1823,0.00083,1101,0.00059,84,0.0001,25,0.00033,687,0.00095,37,0.00005,61,0.00003,51,0.00001
Rhodococcus pyridinivorans,103816,S,0,0,0,0,0,0,0,0,0,0,0,0,61,0.00002,0,0,0,0,0,0,0,0,0,0,0,0,0,0,0,0,0,0,0,0,0,0,0,0
Marinilactibacillus sp. 15R,1911586,S,0,0,0,0,0,0,22,0.00004,430,0.00064,293,0.00039,21614,0.00692,0,0,0,0,0,0,0,0,0,0,0,0,0,0,0,0,0,0,0,0,0,0,0,0
Serratia proteamaculans,28151,S,0,0,0,0,0,0,0,0,0,0,0,0,0,0,0,0,10,0,13,0,0,0,0,0,97,0.00005,0,0,0,0,0,0,0,0,0,0,0,0
Micrococcus luteus,1270,S,0,0,0,0,0,0,57,0.0001,37,0.00006,73,0.0001,0,0,0,0,0,0,0,0,0,0,0,0,0,0,0,0,0,0,19,0.00003,0,0,0,0,0,0
Lactococcus virus 712,213769,S,0,0,0,0,0,0,0,0,0,0,0,0,0,0,0,0,0,0,0,0,0,0,0,0,0,0,12,0.00001,0,0,0,0,0,0,0,0,0,0
Escherichia phage HK639,906669,S,0,0,0,0,0,0,0,0,0,0,0,0,0,0,0,0,0,0,0,0,0,0,0,0,0,0,10,0.00001,0,0,0,0,0,0,0,0,0,0
Acinetobacter junii,40215,S,0,0,0,0,0,0,0,0,0,0,0,0,0,0,0,0,61,0.00001,138,0.00005,0,0,0,0,0,0,40,0.00005,0,0,0,0,0,0,49,0.00002,105,0.00002
Enterococcus mundtii,53346,S,0,0,0,0,0,0,0,0,0,0,0,0,0,0,0,0,0,0,16,0.00001,0,0,0,0,0,0,0,0,0,0,0,0,0,0,0,0,0,0
Lactococcus virus bIL67,36343,S,0,0,0,0,0,0,0,0,0,0,0,0,0,0,0,0,0,0,0,0,0,0,0,0,0,0,766,0.00096,0,0,0,0,0,0,0,0,0,0
Corynebacterium crudilactis,1652495,S,0,0,0,0,0,0,0,0,0,0,0,0,26,0.00001,0,0,0,0,0,0,0,0,0,0,0,0,0,0,0,0,0,0,0,0,0,0,0,0
Corynebacterium diphtheriae,1717,S,0,0,0,0,0,0,0,0,0,0,0,0,16,0.00001,0,0,0,0,0,0,0,0,0,0,0,0,0,0,0,0,0,0,0,0,0,0,0,0
Bifidobacterium dentium,1689,S,0,0,0,0,0,0,0,0,0,0,0,0,0,0,0,0,18,0,13,0,0,0,0,0,0,0,0,0,0,0,0,0,0,0,0,0,0,0
Weissella paramesenteroides,1249,S,0,0,0,0,0,0,0,0,0,0,0,0,0,0,10,0,118,0.00003,97,0.00004,0,0,0,0,0,0,27,0.00003,0,0,0,0,0,0,81,0.00004,202,0.00005
Acidipropionibacterium acidipropionici,1748,S,0,0,25,0.00004,0,0,0,0,20,0.00003,13,0.00002,42,0.00001,0,0,597,0.00013,0,0,199,0.00028,85,0.00004,46,0.00002,26,0.00003,0,0,13,0.00002,0,0,0,0,0,0
Carnobacterium maltaromaticum,2751,S,0,0,0,0,0,0,0,0,0,0,0,0,1272,0.00041,0,0,0,0,0,0,0,0,0,0,34,0.00002,0,0,0,0,0,0,0,0,0,0,0,0
Microbacterium aurum,36805,S,0,0,0,0,0,0,0,0,0,0,0,0,0,0,17,0,0,0,0,0,0,0,0,0,0,0,0,0,0,0,0,0,0,0,0,0,0,0
Yersinia rohdei,29485,S,0,0,0,0,0,0,0,0,0,0,0,0,0,0,0,0,0,0,0,0,0,0,0,0,0,0,0,0,0,0,0,0,0,0,0,0,11,0
Streptococcus dysgalactiae,1334,S,0,0,0,0,0,0,0,0,0,0,0,0,0,0,102,0.00001,0,0,0,0,0,0,0,0,0,0,0,0,0,0,0,0,0,0,0,0,0,0
Sphingobacterium sp. ML3W,1538644,S,0,0,0,0,0,0,0,0,0,0,0,0,0,0,0,0,0,0,0,0,0,0,0,0,0,0,0,0,0,0,0,0,0,0,0,0,10,0
Vagococcus penaei,633807,S,0,0,0,0,0,0,0,0,0,0,0,0,0,0,0,0,14,0,18,0.00001,0,0,0,0,0,0,0,0,0,0,0,0,0,0,0,0,0,0
Elizabethkingia bruuniana,1756149,S,0,0,0,0,0,0,0,0,0,0,0,0,0,0,0,0,0,0,0,0,0,0,0,0,0,0,0,0,0,0,0,0,0,0,27,0.00001,218,0.00005
Halomonas sp. KO116,1504981,S,0,0,0,0,0,0,90,0.00016,0,0,130,0.00017,849,0.00027,0,0,0,0,0,0,0,0,0,0,0,0,0,0,0,0,72,0.0001,0,0,0,0,0,0
Kocuria rhizophila,72000,S,182,0.00053,214,0.00037,57,0.00019,46,0.00008,61,0.00009,89,0.00012,193,0.00006,48,0.00001,82,0.00002,0,0,204,0.00029,591,0.00027,196,0.0001,46,0.00006,0,0,216,0.0003,29,0.00004,37,0.00002,43,0.00001
Elizabethkingia meningoseptica,238,S,0,0,0,0,0,0,0,0,0,0,0,0,0,0,0,0,0,0,0,0,0,0,0,0,0,0,0,0,0,0,0,0,0,0,86,0.00004,623,0.00014
Lactobacillus sakei,1599,S,0,0,0,0,0,0,21,0.00004,24,0.00004,23,0.00003,14,0,81,0.00001,22,0,12,0,0,0,0,0,0,0,0,0,0,0,0,0,0,0,10,0.00001,15,0
Gordonia phthalatica,1136941,S,0,0,0,0,0,0,12,0.00002,0,0,0,0,0,0,0,0,0,0,0,0,0,0,0,0,0,0,0,0,0,0,23,0.00003,0,0,0,0,0,0
Corynebacterium terpenotabidum,89154,S,0,0,0,0,0,0,0,0,0,0,0,0,12,0,0,0,52,0.00001,0,0,0,0,0,0,16,0.00001,72,0.00009,0,0,0,0,0,0,0,0,0,0
Auricoccus indicus,1849491,S,2093,0.00611,5684,0.0098,127,0.00041,0,0,12,0.00002,12,0.00002,0,0,0,0,18,0,0,0,147,0.00021,0,0,0,0,0,0,81,0.00107,0,0,106,0.00015,12,0.00001,118,0.00003
Staphylococcus aureus,1280,S,873,0.00255,1736,0.00299,1044,0.00339,1861,0.00324,2658,0.00395,4877,0.00645,668,0.00021,1316,0.00014,2244,0.00049,1590,0.00059,127,0.00018,14,0.00001,17,0.00001,35,0.00004,183,0.00241,767,0.00106,165,0.00024,117,0.00006,386,0.00009
Leuconostoc lactis,1246,S,0,0,0,0,0,0,0,0,0,0,0,0,760,0.00024,933,0.0001,0,0,14,0.00001,0,0,0,0,0,0,0,0,0,0,0,0,0,0,0,0,0,0
Macrococcus canis,1855823,S,0,0,0,0,0,0,0,0,17,0.00003,12,0.00002,0,0,0,0,0,0,0,0,0,0,0,0,0,0,0,0,0,0,0,0,0,0,0,0,0,0
Brevibacterium linens,1703,S,545,0.00159,577,0.00099,169,0.00055,1889,0.00329,4746,0.00706,1678,0.00222,3568,0.00114,200,0.00002,1281,0.00028,204,0.00008,548,0.00077,1510,0.00069,1179,0.00063,218,0.00027,62,0.00082,884,0.00122,121,0.00017,96,0.00005,171,0.00004
Pediococcus pentosaceus,1255,S,0,0,0,0,0,0,118,0.00021,767,0.00114,396,0.00052,0,0,0,0,178,0.00004,39,0.00001,0,0,0,0,0,0,35,0.00004,0,0,0,0,0,0,10,0.00001,0,0
Rhodococcus erythropolis,1833,S,0,0,0,0,0,0,0,0,0,0,0,0,0,0,0,0,0,0,0,0,0,0,0,0,20,0.00001,0,0,0,0,0,0,0,0,0,0,0,0
Corynebacterium singulare,161899,S,23,0.00007,21,0.00004,0,0,0,0,0,0,22,0.00003,291,0.00009,37,0,173,0.00004,0,0,135,0.00019,424,0.00019,418,0.00022,60,0.00007,0,0,136,0.00019,0,0,0,0,12,0
Staphylococcus cohnii,29382,S,494,0.00144,844,0.00145,709,0.00231,221,0.00038,248,0.00037,363,0.00048,247,0.00008,347,0.00004,188,0.00004,150,0.00006,56,0.00008,0,0,0,0,0,0,24,0.00032,247,0.00034,27,0.00004,0,0,66,0.00002
Serratia plymuthica,82996,S,0,0,0,0,0,0,0,0,0,0,0,0,0,0,0,0,0,0,10,0,0,0,0,0,62,0.00003,0,0,0,0,0,0,0,0,0,0,0,0
Kytococcus sedentarius,1276,S,1667,0.00487,907,0.00156,56,0.00018,256,0.00045,165,0.00025,266,0.00035,1821,0.00058,211,0.00002,69,0.00002,0,0,1465,0.00206,2400,0.0011,1962,0.00104,153,0.00019,11,0.00015,914,0.00126,63,0.00009,58,0.00003,68,0.00002
Moraxella osloensis,34062,S,0,0,15,0.00003,15,0.00005,156,0.00027,758,0.00113,828,0.0011,0,0,0,0,2243,0.00049,5987,0.00221,0,0,0,0,0,0,0,0,0,0,0,0,0,0,0,0,14,0
Bifidobacterium animalis,28025,S,4533,0.01323,29,0.00005,0,0,0,0,0,0,0,0,0,0,0,0,0,0,0,0,43,0.00006,0,0,534,0.00028,0,0,47549,0.62727,8355,0.01153,615792,0.88133,0,0,182,0.00004
Macrococcus sp. IME1552,1898474,S,0,0,26,0.00004,0,0,0,0,36,0.00005,17,0.00002,0,0,0,0,531,0.00012,844,0.00031,0,0,0,0,0,0,0,0,0,0,0,0,0,0,0,0,14,0
Weissella jogaejeotgali,1631871,S,0,0,0,0,0,0,0,0,0,0,17,0.00002,69,0.00002,0,0,11,0,0,0,0,0,0,0,0,0,10,0.00001,0,0,0,0,0,0,27,0.00001,0,0
Lactococcus phage P335 sensu lato,354260,S,0,0,11,0.00002,15,0.00005,0,0,0,0,0,0,321,0.0001,373,0.00004,61,0.00001,31,0.00001,0,0,0,0,0,0,0,0,0,0,0,0,0,0,151,0.00008,297,0.00007
Janthinobacterium agaricidamnosum,55508,S,0,0,0,0,0,0,11,0.00002,0,0,0,0,0,0,0,0,0,0,0,0,0,0,0,0,0,0,10,0.00001,0,0,0,0,0,0,0,0,0,0
Lactococcus phage BK5-T,31754,S,0,0,58,0.0001,50,0.00016,0,0,0,0,0,0,49,0.00002,24,0,81,0.00002,179,0.00007,0,0,0,0,0,0,36,0.00004,0,0,0,0,0,0,457,0.00023,667,0.00015
Mannheimia haemolytica,75985,S,0,0,0,0,0,0,0,0,0,0,0,0,0,0,0,0,0,0,0,0,0,0,0,0,0,0,0,0,0,0,0,0,0,0,23,0.00001,57,0.00001
Lactobacillus acidipiscis,89059,S,0,0,0,0,0,0,0,0,0,0,17,0.00002,561,0.00018,0,0,62,0.00001,0,0,0,0,0,0,0,0,0,0,0,0,0,0,0,0,0,0,0,0
Lactobacillus casei,1582,S,32,0.00009,11,0.00002,144,0.00047,83,0.00014,49,0.00007,83,0.00011,407,0.00013,0,0,896,0.0002,394,0.00015,0,0,0,0,0,0,18,0.00002,0,0,0,0,0,0,55,0.00003,138,0.00003
Lactobacillus amylophilus,1603,S,0,0,0,0,0,0,0,0,0,0,0,0,44,0.00001,10,0,17,0,11,0,0,0,0,0,0,0,0,0,0,0,0,0,0,0,23,0.00001,23,0.00001
Staphylococcus hominis,1290,S,0,0,0,0,0,0,0,0,0,0,0,0,85,0.00003,0,0,13,0,17,0.00001,0,0,0,0,0,0,0,0,0,0,0,0,0,0,0,0,0,0
Brevibacterium aurantiacum,273384,S,300525,0.87719,332550,0.57311,111574,0.36274,364355,0.63416,240575,0.35787,311845,0.41246,851105,0.27235,254278,0.02652,71803,0.01579,4243,0.00157,689955,0.96809,2166785,0.98994,1850369,0.98514,291145,0.36362,15629,0.20618,660035,0.91122,69833,0.09995,55729,0.02803,91062,0.02076
Marinobacter sp. LQ44,1749259,S,0,0,0,0,0,0,33,0.00006,0,0,14,0.00002,0,0,0,0,0,0,0,0,0,0,0,0,0,0,0,0,0,0,0,0,0,0,0,0,0,0
Acinetobacter sp. TTH0-4,1646498,S,0,0,0,0,0,0,0,0,0,0,0,0,0,0,0,0,29,0.00001,62,0.00002,0,0,0,0,0,0,25,0.00003,0,0,0,0,0,0,33,0.00002,90,0.00002
Yersinia enterocolitica,630,S,0,0,0,0,0,0,0,0,0,0,0,0,0,0,0,0,0,0,0,0,0,0,0,0,0,0,0,0,0,0,0,0,0,0,0,0,16,0
Shewanella sp. ANA-3,94122,S,0,0,0,0,0,0,0,0,0,0,23,0.00003,0,0,0,0,0,0,0,0,0,0,0,0,0,0,0,0,0,0,0,0,0,0,0,0,0,0
Rhodococcus fascians,1828,S,0,0,0,0,0,0,0,0,0,0,0,0,0,0,0,0,0,0,0,0,58,0.00008,0,0,226,0.00012,20,0.00002,0,0,0,0,0,0,0,0,0,0
Acinetobacter indicus,756892,S,0,0,0,0,0,0,0,0,0,0,0,0,0,0,0,0,0,0,37,0.00001,0,0,0,0,0,0,0,0,0,0,0,0,0,0,15,0.00001,40,0.00001
Citrobacter youngae,133448,S,0,0,0,0,0,0,0,0,0,0,0,0,0,0,0,0,0,0,0,0,0,0,0,0,0,0,43,0.00005,0,0,0,0,0,0,0,0,0,0
Acinetobacter johnsonii,40214,S,0,0,0,0,13,0.00004,0,0,0,0,0,0,0,0,0,0,8655,0.0019,17234,0.00637,0,0,0,0,0,0,4580,0.00572,0,0,0,0,0,0,6592,0.00332,12964,0.00296
Streptococcus pluranimalium,82348,S,0,0,0,0,11,0.00004,0,0,0,0,0,0,0,0,0,0,0,0,0,0,0,0,0,0,0,0,0,0,0,0,0,0,0,0,0,0,10,0
Pediococcus inopinatus,114090,S,0,0,0,0,0,0,34,0.00006,60,0.00009,60,0.00008,95,0.00003,0,0,209,0.00005,62,0.00002,0,0,0,0,0,0,171,0.00021,0,0,0,0,0,0,112,0.00006,38,0.00001
Listeria innocua,1642,S,0,0,0,0,0,0,0,0,0,0,0,0,28,0.00001,0,0,0,0,0,0,0,0,0,0,0,0,0,0,0,0,0,0,0,0,0,0,0,0
Acinetobacter baumannii,470,S,0,0,0,0,0,0,0,0,0,0,0,0,0,0,0,0,82,0.00002,156,0.00006,0,0,0,0,0,0,74,0.00009,0,0,0,0,0,0,74,0.00004,117,0.00003
Providencia rettgeri,587,S,0,0,0,0,0,0,0,0,0,0,0,0,1484,0.00047,0,0,228,0.00005,0,0,0,0,0,0,0,0,0,0,0,0,0,0,0,0,0,0,0,0
Lactococcus phage M6165,1862962,S,0,0,0,0,0,0,0,0,0,0,0,0,0,0,0,0,0,0,0,0,0,0,0,0,0,0,487,0.00061,0,0,0,0,0,0,0,0,0,0
Pediococcus damnosus,51663,S,0,0,0,0,0,0,33,0.00006,35,0.00005,53,0.00007,13,0,0,0,514,0.00011,34,0.00001,0,0,0,0,0,0,0,0,0,0,0,0,0,0,12,0.00001,0,0
Lactococcus phage jm2,1262535,S,0,0,0,0,0,0,0,0,0,0,0,0,69,0.00002,0,0,0,0,15,0.00001,0,0,0,0,0,0,0,0,0,0,0,0,0,0,0,0,0,0
Brachybacterium sp. VM2412,2017484,S,433,0.00126,223,0.00038,25,0.00008,1997,0.00348,1269,0.00189,2122,0.00281,269,0.00009,15,0,15,0,0,0,719,0.00101,255,0.00012,267,0.00014,28,0.00003,11,0.00015,868,0.0012,18,0.00003,38,0.00002,79,0.00002
Brachybacterium sp. VR2415,2017485,S,1226,0.00358,1002,0.00173,55,0.00018,1393,0.00242,1051,0.00156,1720,0.00227,2885,0.00092,36,0,33,0.00001,0,0,718,0.00101,612,0.00028,522,0.00028,44,0.00005,19,0.00025,906,0.00125,21,0.00003,11,0.00001,31,0.00001
Sphingobacterium sp. G1-14,2003121,S,0,0,0,0,0,0,0,0,0,0,0,0,0,0,0,0,0,0,0,0,0,0,0,0,0,0,21,0.00003,0,0,0,0,0,0,0,0,0,0
Frankia symbiont of Datisca glomerata,656024,S,0,0,0,0,0,0,0,0,0,0,0,0,0,0,0,0,12,0,0,0,0,0,0,0,0,0,0,0,0,0,0,0,0,0,0,0,0,0
Microbacterium sp. BH-3-3-3,1906742,S,0,0,0,0,0,0,0,0,0,0,0,0,0,0,0,0,0,0,0,0,0,0,0,0,23,0.00001,0,0,0,0,0,0,0,0,0,0,0,0
Cronobacter sakazakii,28141,S,0,0,0,0,0,0,0,0,0,0,0,0,0,0,0,0,0,0,0,0,0,0,0,0,0,0,0,0,0,0,0,0,0,0,0,0,11,0
Lactococcus phage WRP3,1560313,S,0,0,13,0.00002,40,0.00013,0,0,0,0,0,0,0,0,0,0,635,0.00014,1032,0.00038,0,0,0,0,0,0,0,0,0,0,0,0,0,0,165,0.00008,859,0.0002
Enterococcus thailandicus,417368,S,0,0,0,0,0,0,0,0,0,0,0,0,0,0,0,0,54,0.00001,0,0,0,0,0,0,0,0,301,0.00038,0,0,0,0,0,0,0,0,0,0
Tetragenococcus halophilus,51669,S,0,0,0,0,29,0.00009,1342,0.00234,17781,0.02645,4073,0.00539,187548,0.06001,0,0,61,0.00001,14,0.00001,0,0,0,0,0,0,27,0.00003,0,0,122,0.00017,0,0,131,0.00007,250,0.00006
Pseudomonas sp. LG1D9,2083054,S,0,0,0,0,0,0,0,0,0,0,0,0,10,0,0,0,0,0,0,0,0,0,0,0,0,0,0,0,0,0,0,0,0,0,0,0,0,0
Lactobacillus sanfranciscensis,1625,S,88,0.00026,0,0,235,0.00076,0,0,0,0,18,0.00002,27,0.00001,173,0.00002,26,0.00001,14,0.00001,0,0,0,0,0,0,0,0,0,0,0,0,0,0,18,0.00001,17,0
Propionibacterium freudenreichii,1744,S,194,0.00057,270,0.00047,13,0.00004,24,0.00004,15,0.00002,24,0.00003,583,0.00019,34,0,367,0.00008,178,0.00007,495,0.00069,655,0.0003,254,0.00014,239,0.0003,26,0.00034,370,0.00051,39,0.00006,67,0.00003,57,0.00001
Salimicrobium jeotgali,1230341,S,0,0,0,0,0,0,0,0,0,0,26,0.00003,0,0,0,0,0,0,0,0,0,0,0,0,0,0,0,0,0,0,0,0,0,0,0,0,0,0
Leuconostoc gelidum,1244,S,0,0,0,0,0,0,0,0,0,0,0,0,0,0,53,0.00001,10,0,0,0,0,0,0,0,0,0,0,0,0,0,0,0,0,0,0,0,0,0
Propionibacterium sp. oral taxon 193,671223,S,0,0,0,0,0,0,0,0,0,0,0,0,0,0,0,0,0,0,0,0,0,0,0,0,0,0,0,0,0,0,0,0,0,0,28,0.00001,0,0
Alcaligenes faecalis,511,S,0,0,0,0,0,0,0,0,0,0,0,0,14,0,0,0,0,0,0,0,0,0,0,0,0,0,0,0,0,0,0,0,0,0,0,0,0,0
Arthrobacter sp. YC-RL1,1652545,S,0,0,0,0,0,0,0,0,0,0,0,0,0,0,0,0,0,0,0,0,19,0.00003,19,0.00001,0,0,0,0,0,0,0,0,0,0,0,0,0,0
Weissella cibaria,137591,S,0,0,0,0,0,0,0,0,0,0,0,0,0,0,0,0,0,0,0,0,0,0,0,0,0,0,29,0.00004,0,0,0,0,0,0,0,0,0,0
Sanguibacter keddieii,60920,S,0,0,0,0,0,0,0,0,0,0,0,0,0,0,0,0,0,0,0,0,0,0,0,0,16,0.00001,0,0,0,0,0,0,0,0,0,0,0,0
Corynebacterium falsenii,108486,S,0,0,0,0,0,0,0,0,0,0,0,0,57,0.00002,0,0,0,0,0,0,0,0,0,0,0,0,0,0,0,0,0,0,0,0,0,0,0,0
Lactococcus virus Sl4,287412,S,0,0,0,0,0,0,0,0,0,0,0,0,31,0.00001,0,0,0,0,10,0,0,0,0,0,0,0,0,0,0,0,0,0,0,0,0,0,0,0
Klebsiella oxytoca,571,S,0,0,0,0,0,0,0,0,0,0,0,0,14,0,0,0,173,0.00004,184,0.00007,0,0,0,0,0,0,449,0.00056,0,0,0,0,0,0,0,0,30,0.00001
Chryseobacterium indologenes,253,S,0,0,0,0,24,0.00008,12,0.00002,0,0,151,0.0002,0,0,0,0,0,0,0,0,0,0,0,0,0,0,0,0,20,0.00026,0,0,0,0,31223,0.0157,231804,0.05284
Lactobacillus parabuchneri,152331,S,0,0,0,0,0,0,44,0.00008,26,0.00004,0,0,1656,0.00053,0,0,13636,0.003,292,0.00011,0,0,0,0,0,0,2830,0.00353,0,0,0,0,0,0,287,0.00014,227,0.00005
Staphylococcus capitis,29388,S,117,0.00034,118,0.0002,0,0,0,0,0,0,0,0,0,0,0,0,0,0,0,0,0,0,0,0,0,0,0,0,0,0,0,0,0,0,0,0,0,0
Kocuria palustris,71999,S,64,0.00019,64,0.00011,12,0.00004,11,0.00002,19,0.00003,19,0.00003,44,0.00001,100,0.00001,46,0.00001,0,0,513,0.00072,392,0.00018,486,0.00026,54,0.00007,0,0,58,0.00008,0,0,0,0,0,0
Streptococcus parauberis,1348,S,222,0.00065,4606,0.00794,6677,0.02171,0,0,0,0,23,0.00003,19,0.00001,202,0.00002,11669,0.00257,35830,0.01324,0,0,0,0,17,0.00001,14168,0.0177,24,0.00032,0,0,0,0,5659,0.00285,13331,0.00304
Acinetobacter haemolyticus,29430,S,0,0,0,0,0,0,0,0,0,0,0,0,0,0,0,0,19,0,25,0.00001,0,0,0,0,0,0,0,0,0,0,0,0,0,0,0,0,18,0
Halomonas hydrothermalis,115561,S,0,0,0,0,0,0,36,0.00006,0,0,47,0.00006,22,0.00001,0,0,0,0,0,0,0,0,0,0,0,0,0,0,0,0,0,0,0,0,0,0,0,0
Pantoea vagans,470934,S,0,0,0,0,0,0,0,0,0,0,0,0,0,0,0,0,0,0,0,0,0,0,0,0,0,0,27,0.00003,0,0,0,0,0,0,0,0,10,0
Prevotella dentalis,52227,S,0,0,0,0,0,0,0,0,12,0.00002,0,0,0,0,0,0,0,0,0,0,0,0,0,0,0,0,0,0,0,0,0,0,0,0,0,0,0,0
Cutibacterium acnes,1747,S,0,0,0,0,0,0,0,0,0,0,110,0.00015,0,0,0,0,0,0,0,0,0,0,0,0,0,0,0,0,0,0,0,0,0,0,0,0,13,0
Lactobacillus pentosus,1589,S,0,0,0,0,0,0,22,0.00004,33,0.00005,31,0.00004,26,0.00001,0,0,141,0.00003,46,0.00002,0,0,0,0,0,0,0,0,0,0,0,0,0,0,0,0,0,0
Salinicoccus halodurans,407035,S,389,0.00114,2071,0.00357,230,0.00075,1786,0.00311,6109,0.00909,4217,0.00558,87,0.00003,67,0.00001,0,0,0,0,87,0.00012,0,0,0,0,14,0.00002,303,0.004,80,0.00011,370,0.00053,27,0.00001,169,0.00004
Tessaracoccus aquimaris,1332264,S,0,0,0,0,0,0,0,0,0,0,0,0,0,0,0,0,18,0,14,0.00001,43,0.00006,0,0,40,0.00002,0,0,0,0,47,0.00006,0,0,0,0,0,0
Lactobacillus kefiranofaciens,267818,S,0,0,0,0,0,0,0,0,0,0,0,0,15,0,0,0,428,0.00009,551,0.0002,0,0,0,0,0,0,0,0,0,0,0,0,0,0,385,0.00019,302,0.00007
Staphylococcus carnosus,1281,S,45,0.00013,116,0.0002,75,0.00024,153,0.00027,184,0.00027,280,0.00037,89,0.00003,127,0.00001,602,0.00013,435,0.00016,0,0,0,0,0,0,0,0,0,0,61,0.00008,0,0,0,0,0,0
Microbacterium sp. str. 'China',2103230,S,0,0,0,0,0,0,0,0,0,0,0,0,0,0,0,0,0,0,0,0,11,0.00002,0,0,35,0.00002,0,0,0,0,0,0,0,0,0,0,0,0
Lactococcus piscium,1364,S,0,0,26,0.00004,23,0.00007,0,0,0,0,0,0,177,0.00006,63745,0.00665,3138,0.00069,1949,0.00072,0,0,0,0,0,0,50,0.00006,0,0,0,0,0,0,824,0.00041,1487,0.00034
Lactococcus phage 98201,1871690,S,0,0,0,0,0,0,0,0,16,0.00002,11,0.00001,0,0,0,0,11,0,11,0,0,0,0,0,0,0,0,0,0,0,0,0,0,0,17,0.00001,32,0.00001
Hafnia paralvei,546367,S,0,0,0,0,0,0,0,0,0,0,0,0,593,0.00019,138,0.00001,5213,0.00115,8565,0.00316,0,0,0,0,0,0,0,0,0,0,0,0,0,0,2537,0.00128,5677,0.00129
Enterobacter hormaechei,158836,S,0,0,0,0,0,0,0,0,0,0,0,0,0,0,0,0,12,0,15,0.00001,0,0,0,0,0,0,575,0.00072,0,0,0,0,0,0,142,0.00007,344,0.00008
Methylovulum psychrotolerans,1704499,S,0,0,0,0,0,0,0,0,0,0,0,0,0,0,0,0,96,0.00002,173,0.00006,0,0,0,0,0,0,54,0.00007,0,0,0,0,0,0,17,0.00001,35,0.00001
Pseudomonas fluorescens,294,S,0,0,0,0,0,0,0,0,0,0,0,0,342,0.00011,10,0,0,0,0,0,0,0,0,0,0,0,327,0.00041,0,0,0,0,0,0,0,0,0,0
Lactobacillus paracollinoides,240427,S,0,0,0,0,0,0,69,0.00012,34,0.00005,0,0,13,0,0,0,147,0.00003,29,0.00001,0,0,0,0,0,0,129,0.00016,0,0,0,0,0,0,33,0.00002,30,0.00001
Bifidobacterium adolescentis,1680,S,0,0,0,0,0,0,0,0,0,0,0,0,0,0,0,0,0,0,0,0,0,0,0,0,0,0,0,0,26,0.00034,0,0,0,0,0,0,0,0
Proteus vulgaris,585,S,0,0,0,0,0,0,0,0,0,0,0,0,89,0.00003,0,0,0,0,0,0,0,0,0,0,0,0,0,0,0,0,0,0,0,0,0,0,0,0
Pectobacterium atrosepticum,29471,S,0,0,0,0,0,0,0,0,0,0,0,0,0,0,0,0,12,0,36,0.00001,0,0,0,0,0,0,0,0,0,0,0,0,0,0,22,0.00001,41,0.00001
Corynebacterium resistens,258224,S,0,0,0,0,0,0,0,0,0,0,0,0,33,0.00001,0,0,0,0,0,0,0,0,0,0,0,0,0,0,0,0,0,0,0,0,0,0,0,0
Pantoea agglomerans,549,S,0,0,0,0,13,0.00004,0,0,0,0,0,0,0,0,0,0,0,0,0,0,0,0,0,0,62,0.00003,1437,0.00179,0,0,0,0,0,0,109,0.00005,595,0.00014
Lactococcus phage P162,1476889,S,0,0,0,0,0,0,0,0,0,0,0,0,0,0,0,0,0,0,0,0,0,0,0,0,0,0,0,0,0,0,0,0,0,0,0,0,19,0
Lactobacillus coryniformis,1610,S,0,0,0,0,0,0,145,0.00025,197,0.00029,126,0.00017,296,0.00009,25,0,1400,0.00031,341,0.00013,0,0,0,0,0,0,240,0.0003,0,0,0,0,0,0,0,0,0,0
Dietzia timorensis,499555,S,11,0.00003,0,0,0,0,0,0,0,0,0,0,0,0,0,0,0,0,0,0,0,0,31,0.00001,23,0.00001,0,0,0,0,0,0,0,0,0,0,0,0
Acinetobacter sp. ACNIH2,1758189,S,0,0,0,0,0,0,0,0,0,0,0,0,0,0,0,0,60,0.00001,131,0.00005,0,0,0,0,0,0,19,0.00002,0,0,0,0,0,0,56,0.00003,140,0.00003
Acinetobacter sp. ACNIH1,1636603,S,0,0,0,0,0,0,0,0,0,0,0,0,0,0,0,0,78,0.00002,95,0.00004,0,0,0,0,0,0,39,0.00005,0,0,0,0,0,0,82,0.00004,189,0.00004
Leuconostoc citreum,33964,S,41,0.00012,1038,0.00179,4052,0.01317,13,0.00002,27,0.00004,33,0.00004,10,0,42830,0.00447,19468,0.00428,23581,0.00871,0,0,0,0,0,0,0,0,0,0,0,0,0,0,17,0.00001,22,0.00001
Citrobacter sp. FDAARGOS_156,1702170,S,0,0,0,0,0,0,0,0,0,0,0,0,0,0,0,0,12,0,28,0.00001,0,0,0,0,0,0,0,0,0,0,0,0,0,0,10,0.00001,27,0.00001
Enterobacter cloacae complex sp.,2027919,S,0,0,0,0,0,0,0,0,0,0,0,0,0,0,0,0,0,0,0,0,0,0,0,0,0,0,0,0,0,0,0,0,0,0,0,0,14,0
Pediococcus claussenii,187452,S,0,0,0,0,0,0,12,0.00002,31,0.00005,0,0,214,0.00007,0,0,539,0.00012,202,0.00007,0,0,0,0,0,0,390,0.00049,0,0,0,0,0,0,287,0.00014,14,0
Marinobacter hydrocarbonoclasticus,2743,S,0,0,0,0,0,0,0,0,0,0,0,0,16,0.00001,0,0,0,0,0,0,0,0,0,0,0,0,0,0,0,0,0,0,0,0,0,0,0,0
Enterobacter asburiae,61645,S,0,0,0,0,0,0,0,0,0,0,0,0,0,0,0,0,0,0,0,0,0,0,0,0,0,0,33,0.00004,0,0,0,0,0,0,0,0,10,0
Advenella kashmirensis,310575,S,0,0,0,0,0,0,0,0,0,0,0,0,0,0,0,0,0,0,0,0,58,0.00008,11,0.00001,244,0.00013,256,0.00032,0,0,0,0,0,0,0,0,0,0
Pseudomonas stutzeri,316,S,0,0,0,0,0,0,0,0,0,0,0,0,31,0.00001,0,0,0,0,0,0,0,0,0,0,0,0,13,0.00002,0,0,0,0,0,0,0,0,0,0
Hafnia alvei,569,S,0,0,0,0,0,0,0,0,0,0,0,0,0,0,0,0,69,0.00002,102,0.00004,0,0,0,0,0,0,0,0,0,0,0,0,0,0,774,0.00039,1487,0.00034
Corynebacterium ammoniagenes,1697,S,0,0,0,0,0,0,0,0,0,0,0,0,177,0.00006,0,0,0,0,0,0,0,0,0,0,0,0,0,0,0,0,0,0,0,0,0,0,0,0
Acinetobacter sp. WCHA45,2004644,S,0,0,0,0,0,0,0,0,0,0,0,0,0,0,0,0,0,0,12,0,0,0,0,0,0,0,0,0,0,0,0,0,0,0,10,0.00001,20,0
Tessaracoccus sp. Marseille-P5995,2161816,S,0,0,14,0.00002,0,0,0,0,0,0,0,0,0,0,0,0,10,0,0,0,10,0.00001,0,0,0,0,0,0,0,0,0,0,0,0,0,0,0,0
Lelliottia sp. WB101,2153385,S,0,0,0,0,0,0,0,0,0,0,0,0,0,0,0,0,88,0.00002,213,0.00008,0,0,0,0,0,0,0,0,0,0,0,0,0,0,253,0.00013,980,0.00022
Staphylococcus simulans,1286,S,165,0.00048,113,0.00019,109,0.00035,133,0.00023,100,0.00015,221,0.00029,44,0.00001,23,0,2381,0.00052,2059,0.00076,0,0,0,0,0,0,15,0.00002,14,0.00018,84,0.00012,14,0.00002,22,0.00001,51,0.00001
Enterococcus gilvus,160453,S,0,0,0,0,0,0,0,0,0,0,0,0,95,0.00003,0,0,14442,0.00318,7206,0.00266,0,0,0,0,820,0.00044,5095,0.00636,0,0,0,0,0,0,1855,0.00093,1983,0.00045
Corynebacterium callunae,1721,S,72,0.00021,11,0.00002,0,0,0,0,0,0,0,0,20,0.00001,0,0,0,0,0,0,27,0.00004,26,0.00001,50,0.00003,0,0,0,0,36,0.00005,0,0,0,0,0,0
Corynebacterium humireducens,1223514,S,0,0,0,0,0,0,0,0,0,0,0,0,128,0.00004,0,0,0,0,0,0,0,0,0,0,0,0,0,0,0,0,0,0,0,0,0,0,0,0
Marinobacter sp. CP1,1671721,S,0,0,0,0,0,0,0,0,0,0,12,0.00002,106,0.00003,0,0,0,0,0,0,0,0,0,0,0,0,0,0,0,0,0,0,0,0,0,0,0,0
Corynebacterium deserti,1408191,S,0,0,0,0,0,0,0,0,0,0,0,0,0,0,0,0,226,0.00005,297,0.00011,0,0,0,0,0,0,0,0,0,0,0,0,0,0,0,0,0,0
Salinibacter ruber,146919,S,0,0,0,0,0,0,0,0,0,0,14,0.00002,0,0,0,0,0,0,0,0,0,0,0,0,0,0,0,0,0,0,0,0,0,0,0,0,0,0
Jeotgalibaca sp. PTS2502,1903686,S,0,0,0,0,0,0,0,0,0,0,0,0,113,0.00004,0,0,0,0,0,0,0,0,0,0,0,0,14,0.00002,0,0,0,0,0,0,0,0,0,0
Flavobacterium johnsoniae,986,S,0,0,0,0,0,0,0,0,0,0,0,0,0,0,0,0,0,0,0,0,0,0,0,0,0,0,0,0,0,0,0,0,0,0,41,0.00002,340,0.00008
Pseudomonas koreensis,198620,S,0,0,0,0,0,0,0,0,0,0,0,0,33,0.00001,0,0,0,0,0,0,0,0,0,0,0,0,0,0,0,0,0,0,0,0,0,0,0,0
Lactococcus phage 50101,1871681,S,0,0,11,0.00002,0,0,0,0,18,0.00003,13,0.00002,0,0,0,0,298,0.00007,110,0.00004,0,0,0,0,0,0,32,0.00004,0,0,0,0,0,0,87,0.00004,141,0.00003
Citrobacter werkmanii,67827,S,0,0,0,0,0,0,0,0,0,0,0,0,0,0,0,0,26,0.00001,35,0.00001,0,0,0,0,0,0,0,0,0,0,0,0,0,0,0,0,19,0
Enterococcus durans,53345,S,0,0,0,0,0,0,551,0.00096,2544,0.00378,1513,0.002,7500,0.0024,0,0,3417,0.00075,3272,0.00121,0,0,0,0,0,0,224,0.00028,0,0,0,0,0,0,1762,0.00089,1952,0.00044
Microbacterium sp. No. 7,1714373,S,0,0,0,0,0,0,0,0,0,0,0,0,15,0,0,0,0,0,0,0,0,0,0,0,0,0,0,0,16,0.00021,191,0.00026,0,0,30,0.00002,0,0
Serratia liquefaciens,614,S,0,0,0,0,0,0,0,0,0,0,0,0,0,0,147,0.00002,0,0,31,0.00001,0,0,0,0,10,0.00001,493,0.00062,0,0,0,0,0,0,208,0.0001,784,0.00018
Lactococcus phage 1706,475178,S,0,0,0,0,0,0,0,0,0,0,0,0,0,0,0,0,103,0.00002,319,0.00012,0,0,0,0,0,0,0,0,0,0,0,0,0,0,1265,0.00064,9404,0.00214
Chryseobacterium taklimakanense,536441,S,0,0,0,0,0,0,0,0,0,0,0,0,0,0,0,0,0,0,0,0,0,0,0,0,0,0,0,0,0,0,0,0,0,0,0,0,10,0
Corynebacterium flavescens,28028,S,0,0,0,0,0,0,0,0,0,0,0,0,5104,0.00163,0,0,3868,0.00085,51,0.00002,0,0,0,0,0,0,249,0.00031,0,0,0,0,0,0,0,0,0,0
Acinetobacter schindleri,108981,S,0,0,0,0,0,0,0,0,0,0,0,0,0,0,0,0,24,0.00001,23,0.00001,0,0,0,0,0,0,0,0,0,0,0,0,0,0,11,0.00001,13,0
Morganella morganii,582,S,0,0,0,0,0,0,0,0,0,0,0,0,126,0.00004,0,0,0,0,0,0,0,0,0,0,0,0,0,0,0,0,0,0,0,0,0,0,0,0
Arsenicicoccus sp. oral taxon 190,1658671,S,0,0,0,0,0,0,0,0,12,0.00002,12,0.00002,0,0,0,0,0,0,0,0,0,0,14,0.00001,28,0.00001,0,0,0,0,0,0,0,0,0,0,0,0
Lactobacillus zymae,267363,S,0,0,0,0,0,0,0,0,0,0,0,0,0,0,0,0,10,0,0,0,0,0,0,0,0,0,0,0,0,0,0,0,0,0,0,0,0,0
Corynebacterium doosanense,1121358,S,1186,0.00346,921,0.00159,74,0.00024,47,0.00008,154,0.00023,219,0.00029,16098,0.00515,377,0.00004,232,0.00005,10,0,2047,0.00287,3929,0.0018,3997,0.00213,476,0.00059,61,0.0008,2026,0.0028,121,0.00017,141,0.00007,171,0.00004
Salmonella enterica,28901,S,0,0,0,0,0,0,0,0,0,0,0,0,0,0,0,0,0,0,14,0.00001,0,0,0,0,0,0,82,0.0001,0,0,0,0,0,0,13,0.00001,29,0.00001
Dietzia lutea,546160,S,0,0,0,0,0,0,15,0.00003,12,0.00002,24,0.00003,0,0,0,0,0,0,0,0,0,0,0,0,0,0,0,0,0,0,0,0,0,0,0,0,0,0
Cutibacterium avidum,33010,S,0,0,0,0,0,0,0,0,0,0,0,0,0,0,0,0,0,0,12,0,0,0,0,0,0,0,0,0,0,0,0,0,0,0,0,0,0,0
Staphylococcus kloosii,29384,S,0,0,0,0,0,0,15,0.00003,88,0.00013,88,0.00012,0,0,0,0,76,0.00002,99,0.00004,0,0,0,0,0,0,0,0,0,0,0,0,0,0,0,0,0,0
Corynebacterium glyciniphilum,1404244,S,0,0,21,0.00004,0,0,230,0.0004,4582,0.00682,10,0.00001,94,0.00003,18,0,48,0.00001,0,0,0,0,19,0.00001,34,0.00002,75,0.00009,0,0,0,0,0,0,0,0,0,0
Lactococcus phage Tuc2009,35241,S,0,0,97,0.00017,95,0.00031,0,0,0,0,0,0,14,0,0,0,85,0.00002,188,0.00007,0,0,0,0,0,0,83,0.0001,0,0,0,0,0,0,271,0.00014,307,0.00007
Chromohalobacter salexigens,158080,S,0,0,0,0,0,0,32,0.00006,0,0,0,0,0,0,0,0,0,0,0,0,0,0,0,0,0,0,0,0,0,0,0,0,0,0,0,0,0,0
Leuconostoc garlicum,255248,S,0,0,0,0,0,0,0,0,0,0,0,0,197,0.00006,1213,0.00013,21,0,38,0.00001,0,0,0,0,0,0,0,0,0,0,0,0,0,0,0,0,0,0
Pseudomonas mucidolens,46679,S,0,0,0,0,0,0,0,0,0,0,0,0,0,0,105,0.00001,0,0,0,0,0,0,457,0.00021,9264,0.00493,36,0.00004,0,0,0,0,0,0,0,0,0,0
Vagococcus teuberi,519472,S,0,0,0,0,0,0,0,0,0,0,0,0,0,0,0,0,43,0.00001,67,0.00002,0,0,0,0,0,0,122,0.00015,0,0,0,0,0,0,11,0.00001,84,0.00002
Lactococcus phage BM13,1229751,S,0,0,0,0,0,0,0,0,0,0,0,0,0,0,0,0,16,0,23,0.00001,0,0,0,0,0,0,22,0.00003,0,0,0,0,0,0,0,0,15,0
Kocuria sp. BT304,1702043,S,0,0,0,0,0,0,48,0.00008,23,0.00003,50,0.00007,0,0,0,0,79,0.00002,0,0,0,0,0,0,0,0,0,0,0,0,98,0.00014,0,0,0,0,0,0
Pluralibacter gergoviae,61647,S,0,0,0,0,0,0,0,0,0,0,0,0,0,0,0,0,0,0,18,0.00001,0,0,0,0,0,0,0,0,0,0,0,0,0,0,0,0,11,0
Lactobacillus sp. CBA3605,2099788,S,0,0,0,0,0,0,0,0,0,0,17,0.00002,26,0.00001,0,0,0,0,0,0,0,0,0,0,0,0,0,0,0,0,0,0,0,0,0,0,0,0
Streptococcus uberis,1349,S,0,0,31,0.00005,106,0.00034,0,0,0,0,0,0,25,0.00001,17,0,165,0.00004,345,0.00013,0,0,0,0,0,0,0,0,0,0,0,0,0,0,0,0,0,0
Klebsiella quasivariicola,2026240,S,0,0,0,0,0,0,0,0,0,0,0,0,0,0,0,0,0,0,0,0,0,0,0,0,0,0,15,0.00002,0,0,0,0,0,0,0,0,0,0
Actinomyces radicidentis,111015,S,0,0,0,0,0,0,0,0,0,0,0,0,0,0,0,0,10,0,0,0,0,0,0,0,0,0,19,0.00002,0,0,0,0,0,0,0,0,0,0
Stenotrophomonas rhizophila,216778,S,0,0,0,0,0,0,0,0,0,0,0,0,0,0,0,0,0,0,0,0,0,0,0,0,12,0.00001,0,0,0,0,0,0,0,0,0,0,0,0
Staphylococcus saprophyticus,29385,S,956,0.00279,1416,0.00244,1097,0.00357,4854,0.00845,6465,0.00962,8655,0.01145,818,0.00026,6411,0.00067,705287,0.15509,563810,0.2083,296,0.00042,94,0.00004,195,0.0001,2224,0.00278,308,0.00406,4398,0.00607,620,0.00089,6131,0.00308,9558,0.00218
Citrobacter braakii,57706,S,0,0,0,0,0,0,0,0,0,0,0,0,0,0,0,0,88,0.00002,55,0.00002,0,0,0,0,0,0,39,0.00005,0,0,0,0,0,0,57,0.00003,133,0.00003
Stenotrophomonas maltophilia,40324,S,0,0,0,0,0,0,0,0,0,0,0,0,368,0.00012,20,0,0,0,0,0,0,0,0,0,0,0,133,0.00017,0,0,0,0,0,0,13,0.00001,23,0.00001
Pediococcus acidilactici,1254,S,22,0.00006,69,0.00012,34,0.00011,16,0.00003,33,0.00005,35,0.00005,14,0,0,0,23,0.00001,0,0,0,0,0,0,0,0,0,0,0,0,13,0.00002,0,0,16,0.00001,0,0
Providencia alcalifaciens,126385,S,0,0,0,0,0,0,0,0,0,0,0,0,300,0.0001,0,0,0,0,0,0,0,0,0,0,0,0,0,0,0,0,0,0,0,0,0,0,0,0
Lactobacillus alimentarius,1602,S,0,0,0,0,0,0,19,0.00003,14,0.00002,15,0.00002,0,0,0,0,0,0,0,0,0,0,0,0,0,0,0,0,0,0,0,0,0,0,0,0,0,0
Leuconostoc sp. C2,979982,S,0,0,0,0,14,0.00005,0,0,0,0,0,0,0,0,17,0,0,0,0,0,0,0,0,0,0,0,0,0,0,0,0,0,0,0,0,0,0,0
Corynebacterium marinum,349751,S,0,0,0,0,0,0,0,0,25,0.00004,11,0.00001,56,0.00002,0,0,96,0.00002,0,0,0,0,0,0,0,0,0,0,0,0,0,0,0,0,0,0,0,0
Streptococcus suis,1307,S,0,0,0,0,12,0.00004,0,0,10,0.00001,0,0,0,0,0,0,0,0,12,0,0,0,0,0,0,0,0,0,0,0,0,0,0,0,0,0,0,0
Halomonas sp. GT,1971364,S,0,0,0,0,0,0,0,0,0,0,10,0.00001,893,0.00029,0,0,0,0,0,0,0,0,0,0,0,0,0,0,0,0,0,0,0,0,0,0,0,0
Jeotgalibaca dankookensis,708126,S,0,0,0,0,0,0,0,0,148,0.00022,91,0.00012,382,0.00012,0,0,13,0,0,0,0,0,0,0,0,0,0,0,0,0,0,0,0,0,0,0,0,0
Raoultella planticola,575,S,0,0,0,0,0,0,0,0,0,0,0,0,0,0,0,0,0,0,0,0,0,0,0,0,0,0,197,0.00025,0,0,0,0,0,0,18,0.00001,69,0.00002
Anaerococcus prevotii,33034,S,0,0,0,0,0,0,0,0,0,0,0,0,0,0,0,0,0,0,17,0.00001,0,0,0,0,0,0,28,0.00003,0,0,0,0,0,0,0,0,0,0
Streptococcus virus 9874,1814960,S,0,0,11,0.00002,16,0.00005,0,0,0,0,0,0,0,0,0,0,0,0,0,0,0,0,0,0,0,0,0,0,0,0,0,0,0,0,0,0,0,0
Arthrobacter sp. PAMC 25486,1494608,S,0,0,0,0,0,0,0,0,0,0,0,0,0,0,0,0,0,0,0,0,0,0,0,0,31,0.00002,0,0,0,0,0,0,0,0,0,0,0,0
Leuconostoc kimchii,136609,S,0,0,0,0,28,0.00009,0,0,0,0,0,0,0,0,274,0.00003,122,0.00003,117,0.00004,0,0,0,0,0,0,0,0,0,0,0,0,0,0,0,0,0,0
Staphylococcus phage phiRS7,1403390,S,0,0,32,0.00006,16,0.00005,13,0.00002,13,0.00002,20,0.00003,0,0,0,0,248,0.00005,287,0.00011,0,0,0,0,0,0,0,0,0,0,0,0,0,0,0,0,0,0
Lactobacillus helveticus,1587,S,0,0,0,0,0,0,45,0.00008,28,0.00004,39,0.00005,178,0.00006,0,0,223,0.00005,83,0.00003,0,0,0,0,0,0,49,0.00006,0,0,0,0,0,0,17,0.00001,0,0
Shigella dysenteriae,622,S,0,0,0,0,0,0,0,0,0,0,0,0,0,0,0,0,0,0,10,0,0,0,0,0,0,0,0,0,0,0,0,0,0,0,0,0,0,0
Escherichia coli,562,S,0,0,0,0,0,0,0,0,0,0,0,0,0,0,235,0.00002,81,0.00002,145,0.00005,0,0,0,0,0,0,331,0.00041,0,0,0,0,0,0,79,0.00004,186,0.00004
Carnobacterium inhibens,147709,S,0,0,0,0,0,0,0,0,0,0,0,0,68,0.00002,0,0,21,0,14,0.00001,0,0,0,0,0,0,0,0,0,0,0,0,0,0,89,0.00004,93,0.00002
Staphylococcus haemolyticus,1283,S,19,0.00006,19,0.00003,21,0.00007,20,0.00003,25,0.00004,29,0.00004,0,0,16,0,31,0.00001,35,0.00001,0,0,0,0,0,0,0,0,0,0,0,0,0,0,0,0,0,0
Acinetobacter sp. SWBY1,2079596,S,0,0,0,0,0,0,0,0,0,0,0,0,0,0,0,0,0,0,0,0,0,0,0,0,0,0,0,0,0,0,0,0,0,0,0,0,13,0
Tessaracoccus flavescens,399497,S,0,0,0,0,0,0,10,0.00002,0,0,0,0,0,0,0,0,0,0,0,0,20,0.00003,17,0.00001,15,0.00001,0,0,0,0,0,0,0,0,0,0,0,0
Hafnia sp. CBA7124,1848580,S,0,0,0,0,0,0,0,0,0,0,0,0,0,0,0,0,0,0,12,0,0,0,0,0,0,0,0,0,0,0,0,0,0,0,158,0.00008,293,0.00007
Serratia marcescens,615,S,0,0,0,0,0,0,0,0,0,0,0,0,0,0,0,0,0,0,0,0,0,0,0,0,0,0,46,0.00006,0,0,0,0,0,0,0,0,0,0
Brachybacterium sp. P6-10-X1,1903186,S,143,0.00042,96,0.00017,14,0.00005,353,0.00061,549,0.00082,1012,0.00134,25,0.00001,10,0,53,0.00001,0,0,372,0.00052,1004,0.00046,453,0.00024,29,0.00004,15,0.0002,1581,0.00218,40,0.00006,0,0,44,0.00001
Streptococcus sp. FDAARGOS_192,1839799,S,0,0,0,0,0,0,0,0,0,0,0,0,21,0.00001,0,0,0,0,0,0,0,0,0,0,0,0,0,0,0,0,0,0,0,0,0,0,0,0
Lactococcus virus Bibb29,494269,S,0,0,0,0,0,0,0,0,0,0,0,0,15,0,0,0,23,0.00001,37,0.00001,0,0,0,0,0,0,183,0.00023,0,0,0,0,0,0,0,0,18,0
Microbacterium chocolatum,84292,S,0,0,0,0,0,0,0,0,0,0,0,0,0,0,10,0,0,0,0,0,0,0,0,0,0,0,0,0,0,0,0,0,0,0,0,0,0,0
Streptococcus salivarius,1304,S,0,0,0,0,0,0,0,0,0,0,0,0,21,0.00001,0,0,13,0,0,0,0,0,0,0,0,0,0,0,0,0,0,0,0,0,90,0.00005,150,0.00003
Enterobacter cloacae,550,S,0,0,0,0,0,0,0,0,0,0,0,0,0,0,0,0,35,0.00001,43,0.00002,0,0,0,0,0,0,324,0.0004,0,0,0,0,0,0,33,0.00002,99,0.00002
Acinetobacter defluvii,1871111,S,0,0,0,0,0,0,0,0,0,0,0,0,0,0,0,0,14,0,22,0.00001,0,0,0,0,0,0,16,0.00002,0,0,0,0,0,0,0,0,0,0
Glutamicibacter arilaitensis,256701,S,552,0.00161,1743,0.003,166,0.00054,1105,0.00192,942,0.0014,1394,0.00184,28013,0.00896,77,0.00001,107,0.00002,16,0.00001,2466,0.00346,2427,0.00111,1301,0.00069,151,0.00019,34,0.00045,2167,0.00299,71,0.0001,94,0.00005,172,0.00004
Lactococcus garvieae,1363,S,0,0,0,0,0,0,0,0,0,0,0,0,28,0.00001,0,0,1735,0.00038,1850,0.00068,0,0,0,0,0,0,22,0.00003,0,0,0,0,0,0,478,0.00024,847,0.00019
Enterococcus faecium,1352,S,0,0,45,0.00008,63,0.0002,1073,0.00187,2354,0.0035,5774,0.00764,28,0.00001,3237,0.00034,2518,0.00055,2803,0.00104,58,0.00008,25,0.00001,34,0.00002,1033,0.00129,24,0.00032,1271,0.00175,0,0,162,0.00008,468,0.00011
Lactobacillus plantarum,1590,S,0,0,0,0,91,0.0003,3730,0.00649,5907,0.00879,5972,0.0079,6469,0.00207,1143,0.00012,51811,0.01139,11047,0.00408,0,0,0,0,0,0,6346,0.00793,124,0.00164,0,0,14,0.00002,1130,0.00057,517,0.00012
Streptococcus agalactiae,1311,S,0,0,0,0,0,0,0,0,0,0,0,0,0,0,0,0,33,0.00001,86,0.00003,0,0,0,0,0,0,0,0,0,0,0,0,0,0,0,0,36,0.00001
Leuconostoc mesenteroides,1245,S,2145,0.00626,3175,0.00547,8192,0.02663,5548,0.00966,16964,0.02524,18159,0.02402,690,0.00022,2617,0.00027,14823,0.00326,12783,0.00472,0,0,0,0,0,0,54,0.00007,40,0.00053,0,0,0,0,1888,0.00095,1311,0.0003
Staphylococcus xylosus,1288,S,66,0.00019,416,0.00072,953,0.0031,207,0.00036,310,0.00046,549,0.00073,56,0.00002,1871,0.0002,3772,0.00083,1815,0.00067,48,0.00007,0,0,51,0.00003,771,0.00096,14,0.00018,78,0.00011,0,0,18,0.00001,19,0
Pseudomonas fragi,296,S,0,0,0,0,0,0,0,0,0,0,0,0,11,0,0,0,0,0,0,0,0,0,0,0,0,0,28,0.00003,0,0,0,0,0,0,0,0,0,0
Lactobacillus backii,375175,S,20,0.00006,31,0.00005,117,0.00038,332,0.00058,641,0.00095,1021,0.00135,162,0.00005,0,0,379,0.00008,120,0.00004,0,0,0,0,0,0,241,0.0003,0,0,0,0,0,0,282,0.00014,248,0.00006
Citrobacter amalonaticus,35703,S,0,0,0,0,0,0,0,0,0,0,0,0,0,0,0,0,0,0,0,0,0,0,0,0,0,0,100,0.00012,0,0,0,0,0,0,0,0,0,0
Arthrobacter alpinus,656366,S,0,0,0,0,0,0,0,0,0,0,0,0,0,0,0,0,0,0,0,0,271,0.00038,265,0.00012,17,0.00001,0,0,0,0,0,0,0,0,0,0,0,0
Halomonas sp. R57-5,1610576,S,0,0,0,0,0,0,28,0.00005,12,0.00002,77,0.0001,468,0.00015,0,0,0,0,0,0,0,0,0,0,0,0,0,0,0,0,0,0,0,0,0,0,0,0
Psychrobacter sp. DAB_AL43B,1028416,S,0,0,14,0.00002,0,0,0,0,0,0,0,0,0,0,0,0,0,0,0,0,0,0,0,0,0,0,13,0.00002,0,0,0,0,0,0,0,0,0,0
Acinetobacter bereziniae,106648,S,0,0,0,0,0,0,0,0,0,0,0,0,0,0,0,0,15,0,49,0.00002,0,0,0,0,0,0,59,0.00007,0,0,0,0,0,0,13,0.00001,31,0.00001
Pseudomonas resinovorans,53412,S,0,0,0,0,0,0,0,0,0,0,0,0,22,0.00001,0,0,0,0,0,0,0,0,0,0,0,0,0,0,0,0,0,0,0,0,0,0,0,0
Leuconostoc carnosum,1252,S,39,0.00011,61,0.00011,257,0.00084,27,0.00005,69,0.0001,99,0.00013,15,0,191,0.00002,39,0.00001,34,0.00001,0,0,0,0,0,0,0,0,0,0,0,0,0,0,0,0,0,0
Lactococcus phage phiL47,1412875,S,0,0,0,0,22,0.00007,0,0,0,0,0,0,0,0,0,0,43,0.00001,82,0.00003,0,0,0,0,0,0,0,0,0,0,0,0,0,0,41,0.00002,180,0.00004
Lactococcus phage phi7,1262538,S,0,0,0,0,0,0,0,0,0,0,0,0,0,0,0,0,0,0,0,0,0,0,0,0,0,0,19,0.00002,0,0,0,0,0,0,0,0,0,0
Staphylococcus schleiferi,1295,S,0,0,0,0,0,0,0,0,78,0.00012,76,0.0001,0,0,27,0,0,0,0,0,0,0,0,0,0,0,0,0,0,0,0,0,0,0,0,0,0,0
Corynebacterium testudinoris,136857,S,0,0,0,0,0,0,0,0,0,0,0,0,0,0,0,0,0,0,0,0,0,0,0,0,18,0.00001,0,0,0,0,0,0,0,0,0,0,0,0
Lactococcus lactis,1358,S,381,0.00111,153769,0.265,133114,0.43277,92357,0.16075,218246,0.32466,205288,0.27152,492944,0.15774,9131280,0.9525,3033240,0.66698,1801382,0.66553,29,0.00004,0,0,757,0.0004,207643,0.25933,2633,0.03473,292,0.0004,26,0.00004,1829790,0.92028,3924702,0.8947
Klebsiella variicola,244366,S,0,0,0,0,0,0,0,0,0,0,0,0,0,0,0,0,0,0,0,0,0,0,0,0,0,0,0,0,0,0,0,0,0,0,23,0.00001,49,0.00001
Macrococcus caseolyticus,69966,S,10,0.00003,51,0.00009,45,0.00015,122,0.00021,273,0.00041,325,0.00043,0,0,0,0,8316,0.00183,5652,0.00209,0,0,0,0,0,0,0,0,0,0,0,0,0,0,746,0.00038,1090,0.00025
Staphylococcus sciuri,1296,S,13,0.00004,176,0.0003,130,0.00042,658,0.00115,933,0.00139,1376,0.00182,29,0.00001,694,0.00007,75,0.00002,0,0,20,0.00003,0,0,0,0,19,0.00002,0,0,223,0.00031,0,0,24,0.00001,53,0.00001
Lactobacillus paraplantarum,60520,S,0,0,0,0,139,0.00045,17560,0.03056,31154,0.04634,31215,0.04129,28593,0.00915,0,0,2645,0.00058,2013,0.00074,0,0,0,0,16,0.00001,35608,0.04447,68,0.0009,17,0.00002,0,0,1265,0.00064,226,0.00005
Psychrobacter sp. P11G5,1699624,S,0,0,0,0,0,0,0,0,0,0,0,0,0,0,0,0,0,0,0,0,0,0,0,0,0,0,13,0.00002,0,0,0,0,0,0,0,0,0,0
Nakamurella multipartita,53461,S,0,0,0,0,0,0,0,0,0,0,0,0,0,0,0,0,0,0,0,0,24,0.00003,55,0.00003,33,0.00002,0,0,0,0,0,0,0,0,0,0,0,0
Lactobacillus rhamnosus,47715,S,0,0,0,0,0,0,178,0.00031,395,0.00059,392,0.00052,219,0.00007,0,0,8204,0.0018,2018,0.00075,0,0,0,0,0,0,273,0.00034,0,0,0,0,0,0,0,0,0,0
Lactobacillus fermentum,1613,S,0,0,123,0.00021,120,0.00039,224,0.00039,671,0.001,585,0.00077,75,0.00002,15506,0.00162,8359,0.00184,3402,0.00126,0,0,0,0,0,0,244,0.0003,0,0,0,0,0,0,2896,0.00146,4583,0.00104
Pseudomonas protegens,380021,S,0,0,0,0,0,0,0,0,0,0,0,0,145,0.00005,0,0,0,0,0,0,0,0,0,0,0,0,0,0,0,0,0,0,0,0,0,0,0,0
Pseudomonas sp. MYb193,1827300,S,0,0,0,0,0,0,0,0,0,0,0,0,87,0.00003,0,0,0,0,0,0,0,0,0,0,0,0,0,0,0,0,0,0,0,0,0,0,0,0
Lactococcus phage TP901-1,35345,S,0,0,322,0.00055,500,0.00163,0,0,0,0,0,0,10,0,0,0,114,0.00003,55,0.00002,0,0,0,0,0,0,153,0.00019,0,0,0,0,0,0,179,0.00009,461,0.00011
Pandoraea norimbergensis,93219,S,0,0,0,0,0,0,0,0,0,0,0,0,21,0.00001,0,0,0,0,0,0,0,0,0,0,0,0,0,0,0,0,0,0,0,0,0,0,0,0
Acinetobacter sp. NCu2D-2,1608473,S,0,0,0,0,0,0,0,0,0,0,0,0,0,0,0,0,36,0.00001,38,0.00001,0,0,0,0,0,0,0,0,0,0,0,0,0,0,24,0.00001,42,0.00001
Halomonas campaniensis,213554,S,0,0,0,0,0,0,45,0.00008,0,0,48,0.00006,8472,0.00271,0,0,0,0,0,0,0,0,0,0,0,0,0,0,0,0,0,0,0,0,0,0,0,0
Enterococcus hirae,1354,S,0,0,0,0,0,0,0,0,0,0,0,0,0,0,30,0,42,0.00001,46,0.00002,0,0,0,0,0,0,0,0,0,0,0,0,0,0,0,0,0,0
Staphylococcus pasteuri,45972,S,0,0,0,0,0,0,0,0,0,0,0,0,13,0,72,0.00001,18,0,0,0,0,0,0,0,0,0,0,0,0,0,0,0,0,0,0,0,0,0
Aerococcus viridans,1377,S,0,0,0,0,0,0,0,0,82,0.00012,69,0.00009,74,0.00002,0,0,121,0.00003,130,0.00005,0,0,0,0,0,0,112,0.00014,0,0,0,0,0,0,0,0,0,0
Lactobacillus hokkaidonensis,1193095,S,0,0,0,0,0,0,0,0,0,0,0,0,0,0,0,0,38,0.00001,17,0.00001,0,0,0,0,0,0,0,0,0,0,0,0,0,0,0,0,0,0
Lelliottia amnigena,61646,S,0,0,0,0,0,0,0,0,0,0,0,0,0,0,0,0,0,0,0,0,0,0,0,0,0,0,90306,0.11279,0,0,0,0,0,0,0,0,56,0.00001
Staphylococcus sp. AntiMn-1,1715860,S,213,0.00062,663,0.00114,384,0.00125,482,0.00084,864,0.00129,1200,0.00159,108,0.00003,582,0.00006,1703,0.00037,1137,0.00042,35,0.00005,13,0.00001,0,0,20,0.00002,96,0.00127,553,0.00076,103,0.00015,45,0.00002,182,0.00004
Collinsella aerofaciens,74426,S,0,0,0,0,0,0,0,0,0,0,0,0,0,0,0,0,0,0,0,0,0,0,0,0,0,0,0,0,18,0.00024,0,0,0,0,0,0,0,0
Lactobacillus sp. D1501,2108362,S,0,0,0,0,0,0,0,0,0,0,16,0.00002,0,0,0,0,197,0.00004,58,0.00002,0,0,0,0,0,0,0,0,0,0,0,0,0,0,0,0,0,0
Lactococcus phage 949,881953,S,0,0,14,0.00002,32,0.0001,0,0,0,0,0,0,0,0,0,0,278,0.00006,435,0.00016,0,0,0,0,0,0,0,0,0,0,0,0,0,0,166,0.00008,921,0.00021
Lactobacillus brevis,1580,S,18,0.00005,0,0,2537,0.00825,1213,0.00211,2078,0.00309,2693,0.00356,1709,0.00055,0,0,8577,0.00189,782,0.00029,14,0.00002,0,0,19,0.00001,49232,0.06149,0,0,0,0,0,0,13496,0.00679,8507,0.00194
Lactococcus phage ul36,114416,S,0,0,0,0,0,0,0,0,0,0,0,0,0,0,241,0.00003,10,0,0,0,0,0,0,0,0,0,743,0.00093,0,0,0,0,0,0,123,0.00006,274,0.00006
Staphylococcus nepalensis,214473,S,424,0.00124,1336,0.0023,1089,0.00354,1675,0.00292,2533,0.00377,3203,0.00424,548,0.00018,2910,0.0003,1015,0.00022,822,0.0003,93,0.00013,21,0.00001,10,0.00001,49,0.00006,100,0.00132,889,0.00123,90,0.00013,103,0.00005,405,0.00009
Lactobacillus curvatus,28038,S,0,0,0,0,0,0,14,0.00002,29,0.00004,22,0.00003,2803,0.0009,0,0,123,0.00003,30,0.00001,0,0,0,0,0,0,139,0.00017,0,0,0,0,0,0,56,0.00003,30,0.00001
Streptococcus thermophilus,1308,S,0,0,83,0.00014,100,0.00033,26,0.00005,52,0.00008,62,0.00008,90977,0.02911,45,0,3954,0.00087,2062,0.00076,0,0,0,0,0,0,2492,0.00311,0,0,0,0,0,0,867,0.00044,1581,0.00036
Lactobacillus gallinarum,52242,S,0,0,12,0.00002,22,0.00007,22,0.00004,77,0.00011,98,0.00013,0,0,135,0.00001,107,0.00002,32,0.00001,0,0,0,0,0,0,15,0.00002,0,0,0,0,0,0,16,0.00001,15,0
Raoultella ornithinolytica,54291,S,0,0,0,0,0,0,0,0,0,0,0,0,46,0.00001,68,0.00001,177,0.00004,233,0.00009,0,0,0,0,0,0,54817,0.06846,0,0,0,0,0,0,35,0.00002,149,0.00003
Staphylococcus argenteus,985002,S,0,0,13,0.00002,20,0.00007,35,0.00006,30,0.00004,62,0.00008,30,0.00001,46,0,0,0,0,0,0,0,0,0,0,0,0,0,0,0,0,0,0,0,0,0,0,0
Klebsiella michiganensis,1134687,S,0,0,0,0,0,0,0,0,0,0,0,0,0,0,0,0,0,0,0,0,0,0,0,0,0,0,143,0.00018,0,0,0,0,0,0,0,0,0,0
Lactobacillus ginsenosidimutans,1007676,S,0,0,0,0,0,0,0,0,0,0,0,0,0,0,0,0,40,0.00001,25,0.00001,0,0,0,0,0,0,0,0,0,0,0,0,0,0,0,0,0,0
Elizabethkingia anophelis,1117645,S,0,0,0,0,0,0,0,0,0,0,0,0,0,0,0,0,0,0,0,0,0,0,0,0,0,0,0,0,0,0,0,0,0,0,53,0.00003,345,0.00008
Corynebacterium variabile,1727,S,10,0.00003,36,0.00006,19,0.00006,625,0.00109,1137,0.00169,45,0.00006,10934,0.0035,275,0.00003,93713,0.02061,1773,0.00066,95,0.00013,396,0.00018,568,0.0003,11332,0.01415,0,0,27,0.00004,0,0,248,0.00012,68,0.00002
Actinoalloteichus sp. AHMU CJ021,2072503,S,0,0,97,0.00017,943,0.00307,509,0.00089,475,0.00071,1117,0.00148,131,0.00004,1388,0.00014,171,0.00004,339,0.00013,0,0,0,0,0,0,122,0.00015,0,0,0,0,0,0,34,0.00002,51,0.00001
Lactococcus phage 1358,741942,S,0,0,0,0,0,0,0,0,0,0,0,0,0,0,0,0,0,0,10,0,0,0,0,0,0,0,0,0,0,0,0,0,0,0,114,0.00006,774,0.00018
Corynebacterium stationis,1705,S,0,0,0,0,0,0,0,0,0,0,0,0,11214,0.00359,16,0,386,0.00008,28,0.00001,0,0,0,0,0,0,0,0,0,0,0,0,0,0,13,0.00001,16,0
Klebsiella sp. M5al,1934254,S,0,0,0,0,0,0,0,0,0,0,0,0,0,0,0,0,93,0.00002,101,0.00004,0,0,0,0,0,0,25,0.00003,0,0,0,0,0,0,0,0,10,0
Streptococcus macedonicus,59310,S,0,0,0,0,0,0,0,0,0,0,0,0,12,0,0,0,20,0,75,0.00003,0,0,0,0,0,0,0,0,0,0,0,0,0,0,0,0,23,0.00001
Brachybacterium ginsengisoli,1331682,S,70,0.0002,61,0.00011,10,0.00003,64,0.00011,48,0.00007,85,0.00011,0,0,13,0,0,0,0,0,320,0.00045,417,0.00019,358,0.00019,25,0.00003,0,0,37,0.00005,0,0,0,0,0,0
Paraburkholderia fungorum,134537,S,0,0,0,0,0,0,0,0,0,0,0,0,16,0.00001,0,0,0,0,0,0,0,0,0,0,0,0,0,0,0,0,0,0,0,0,0,0,0,0
Lactobacillus crustorum,392416,S,0,0,0,0,0,0,14,0.00002,43,0.00006,26,0.00003,0,0,0,0,0,0,0,0,0,0,0,0,0,0,45,0.00006,0,0,0,0,0,0,0,0,0,0
Leuconostoc suionicum,1511761,S,0,0,22,0.00004,50,0.00016,0,0,15,0.00002,15,0.00002,17,0.00001,153,0.00002,72,0.00002,67,0.00002,0,0,0,0,0,0,0,0,0,0,0,0,0,0,0,0,0,0
Streptococcus gallolyticus,315405,S,0,0,0,0,0,0,0,0,0,0,0,0,0,0,63,0.00001,0,0,0,0,0,0,0,0,0,0,0,0,0,0,0,0,0,0,24,0.00001,58,0.00001
Dietzia sp. JS16-p6b,2052657,S,11,0.00003,37,0.00006,0,0,0,0,0,0,0,0,0,0,0,0,0,0,0,0,0,0,0,0,0,0,0,0,0,0,0,0,0,0,0,0,0,0
Bifidobacterium longum,216816,S,0,0,0,0,0,0,0,0,0,0,0,0,0,0,0,0,0,0,0,0,0,0,0,0,0,0,0,0,58,0.00077,0,0,16,0.00002,0,0,0,0
Lactococcus phage 63301,1871687,S,0,0,0,0,0,0,0,0,0,0,0,0,0,0,0,0,11,0,13,0,0,0,0,0,0,0,0,0,0,0,0,0,0,0,22,0.00001,69,0.00002
Obesumbacterium proteus,82983,S,0,0,0,0,0,0,0,0,0,0,0,0,0,0,0,0,27,0.00001,38,0.00001,0,0,0,0,0,0,0,0,0,0,0,0,0,0,23,0.00001,76,0.00002
Lactococcus phage 340,1262533,S,0,0,0,0,0,0,0,0,0,0,0,0,0,0,0,0,0,0,12,0,0,0,0,0,0,0,0,0,0,0,0,0,0,0,0,0,0,0
Listeria monocytogenes,1639,S,0,0,0,0,0,0,0,0,0,0,0,0,0,0,0,0,333,0.00007,131,0.00005,0,0,0,0,0,0,207,0.00026,0,0,0,0,0,0,976,0.00049,2924,0.00067
Leclercia adecarboxylata,83655,S,0,0,0,0,0,0,0,0,0,0,0,0,0,0,0,0,0,0,0,0,0,0,0,0,0,0,14,0.00002,0,0,0,0,0,0,0,0,0,0
Erwinia tasmaniensis,338565,S,0,0,0,0,0,0,0,0,0,0,0,0,0,0,0,0,0,0,19,0.00001,0,0,0,0,0,0,0,0,0,0,0,0,0,0,15,0.00001,58,0.00001
Dietzia psychralcaliphila,139021,S,369,0.00108,1680,0.0029,188,0.00061,29,0.00005,29,0.00004,43,0.00006,0,0,0,0,0,0,0,0,81,0.00011,283,0.00013,95,0.00005,17,0.00002,0,0,0,0,0,0,0,0,0,0
Rhodococcus sp. YL-1,1045808,S,86,0.00025,551,0.00095,42,0.00014,0,0,0,0,0,0,0,0,0,0,0,0,0,0,10,0.00001,0,0,14,0.00001,0,0,0,0,0,0,0,0,0,0,0,0
Rhodococcus sp. p52,935199,S,0,0,20,0.00003,0,0,0,0,0,0,0,0,0,0,0,0,0,0,0,0,0,0,19,0.00001,0,0,0,0,0,0,0,0,0,0,0,0,0,0
Tessaracoccus flavus,1610493,S,36,0.00011,36,0.00006,0,0,28,0.00005,12,0.00002,0,0,0,0,0,0,0,0,0,0,32,0.00004,24,0.00001,10,0.00001,0,0,0,0,0,0,0,0,0,0,0,0
Rhodococcus opacus,37919,S,0,0,0,0,0,0,0,0,0,0,0,0,0,0,0,0,0,0,0,0,11,0.00002,12,0.00001,14,0.00001,0,0,0,0,0,0,0,0,0,0,0,0
Lactococcus virus ASCC191,1165134,S,0,0,0,0,0,0,0,0,0,0,0,0,45,0.00001,0,0,25,0.00001,21,0.00001,0,0,0,0,0,0,32,0.00004,0,0,0,0,0,0,0,0,13,0
Enterococcus sp. FDAARGOS_375,2060307,S,0,0,0,0,0,0,0,0,0,0,0,0,0,0,0,0,46,0.00001,19,0.00001,0,0,0,0,0,0,345,0.00043,0,0,0,0,0,0,0,0,0,0
Enterobacter ludwigii,299767,S,0,0,0,0,0,0,0,0,0,0,0,0,0,0,0,0,0,0,10,0,0,0,0,0,0,0,0,0,0,0,0,0,0,0,0,0,20,0
Staphylococcus equorum,246432,S,17833,0.05205,54385,0.09373,24909,0.08098,54910,0.09557,87030,0.12946,122239,0.16168,14979,0.00479,47132,0.00492,4147,0.00091,2211,0.00082,2820,0.00396,670,0.00031,435,0.00023,879,0.0011,7420,0.09789,33742,0.04658,7596,0.01087,2378,0.0012,8723,0.00199
Citrobacter freundii complex sp. CFNIH4,2077148,S,0,0,0,0,0,0,0,0,0,0,0,0,0,0,0,0,0,0,11,0,0,0,0,0,0,0,39,0.00005,0,0,0,0,0,0,0,0,19,0
Citrobacter freundii complex sp. CFNIH3,2077147,S,0,0,0,0,0,0,0,0,0,0,0,0,0,0,0,0,33,0.00001,22,0.00001,0,0,0,0,0,0,0,0,0,0,0,0,0,0,38,0.00002,75,0.00002
Citrobacter freundii,546,S,0,0,0,0,33,0.00011,0,0,0,0,0,0,0,0,0,0,272,0.00006,428,0.00016,0,0,0,0,0,0,144,0.00018,0,0,0,0,0,0,280,0.00014,616,0.00014
Citrobacter freundii complex sp. CFNIH9,2077149,S,0,0,0,0,0,0,0,0,0,0,0,0,0,0,0,0,0,0,0,0,0,0,0,0,0,0,12,0.00001,0,0,0,0,0,0,0,0,0,0
Staphylococcus epidermidis,1282,S,685,0.002,930,0.0016,465,0.00151,193,0.00034,368,0.00055,706,0.00093,131,0.00004,59,0.00001,35,0.00001,35,0.00001,26,0.00004,0,0,0,0,13,0.00002,74,0.00098,44,0.00006,63,0.00009,19,0.00001,45,0.00001
Providencia heimbachae,333962,S,0,0,0,0,0,0,0,0,0,0,0,0,73,0.00002,0,0,0,0,0,0,0,0,0,0,0,0,0,0,0,0,0,0,0,0,0,0,0,0
Vibrio casei,673372,S,0,0,0,0,0,0,0,0,0,0,0,0,0,0,0,0,0,0,16,0.00001,0,0,0,0,0,0,0,0,0,0,0,0,0,0,0,0,0,0
Psychrobacter sp. AntiMn-1,1720344,S,0,0,0,0,0,0,0,0,0,0,0,0,22,0.00001,0,0,0,0,0,0,0,0,0,0,0,0,0,0,0,0,0,0,0,0,0,0,0,0
Staphylococcus warneri,1292,S,0,0,0,0,0,0,0,0,0,0,0,0,0,0,0,0,417,0.00009,301,0.00011,0,0,0,0,0,0,0,0,0,0,0,0,0,0,0,0,0,0
Lactobacillus delbrueckii,1584,S,0,0,0,0,0,0,0,0,0,0,0,0,46,0.00001,0,0,420,0.00009,27,0.00001,0,0,0,0,0,0,0,0,0,0,0,0,0,0,0,0,0,0
Acinetobacter soli,487316,S,0,0,0,0,0,0,0,0,0,0,0,0,0,0,0,0,111,0.00002,210,0.00008,0,0,0,0,0,0,0,0,0,0,0,0,0,0,0,0,0,0
Lactobacillus paracasei,1597,S,1546,0.00451,82,0.00014,4325,0.01406,2652,0.00462,2128,0.00317,3786,0.00501,272,0.00009,0,0,20194,0.00444,10548,0.0039,0,0,0,0,0,0,284,0.00035,0,0,0,0,0,0,1188,0.0006,1911,0.00044
Streptococcus infantarius,102684,S,0,0,0,0,0,0,0,0,0,0,0,0,0,0,29,0,0,0,0,0,0,0,0,0,0,0,0,0,0,0,0,0,0,0,0,0,0,0
Rhodococcus sp. PBTS 1,1653478,S,0,0,0,0,0,0,0,0,0,0,0,0,45,0.00001,0,0,0,0,0,0,0,0,0,0,0,0,0,0,0,0,0,0,0,0,0,0,0,0
Enterococcus faecalis,1351,S,0,0,68,0.00012,72,0.00023,14,0.00002,28,0.00004,27,0.00004,3851,0.00123,16,0,353238,0.07767,150329,0.05554,0,0,0,0,12,0.00001,1116,0.00139,10,0.00013,0,0,0,0,5292,0.00266,14974,0.00341
Gordonia sp. YC-JH1,2059875,S,45,0.00013,106,0.00018,33,0.00011,0,0,0,0,0,0,0,0,0,0,0,0,0,0,0,0,15,0.00001,21,0.00001,0,0,0,0,0,0,0,0,0,0,0,0
Microbacterium sp. CGR1,1696072,S,0,0,0,0,0,0,0,0,0,0,0,0,0,0,0,0,0,0,0,0,0,0,0,0,40,0.00002,0,0,0,0,0,0,0,0,0,0,0,0
Elizabethkingia miricola,172045,S,0,0,0,0,0,0,0,0,0,0,0,0,0,0,0,0,0,0,0,0,0,0,0,0,0,0,0,0,0,0,0,0,0,0,0,0,45,0.00001
Corynebacterium casei,160386,S,501,0.00146,1092,0.00188,257,0.00084,69,0.00012,223,0.00033,85,0.00011,1299595,0.41586,270,0.00003,35142,0.00773,1994,0.00074,1704,0.00239,1945,0.00089,565,0.0003,189,0.00024,10,0.00013,873,0.00121,2855,0.00409,133,0.00007,430,0.0001
Lactococcus raffinolactis,1366,S,0,0,128,0.00022,154,0.0005,0,0,0,0,11,0.00001,3504,0.00112,1425,0.00015,46,0.00001,65,0.00002,0,0,0,0,0,0,131,0.00016,0,0,0,0,0,0,2861,0.00144,13886,0.00317
Acinetobacter pittii,48296,S,0,0,0,0,0,0,0,0,0,0,0,0,0,0,0,0,288,0.00006,564,0.00021,0,0,0,0,0,0,137,0.00017,0,0,0,0,0,0,179,0.00009,327,0.00007
Lactobacillus buchneri,1581,S,0,0,0,0,0,0,4812,0.00838,2655,0.00395,295,0.00039,46,0.00001,0,0,2796,0.00061,482,0.00018,0,0,0,0,0,0,97,0.00012,0,0,0,0,0,0,292,0.00015,245,0.00006
Erwinia gerundensis,1619313,S,0,0,0,0,0,0,0,0,0,0,0,0,0,0,0,0,0,0,0,0,0,0,0,0,12,0.00001,0,0,0,0,0,0,0,0,0,0,0,0
Stenotrophomonas sp. MYb57,1827305,S,0,0,0,0,0,0,0,0,0,0,0,0,0,0,0,0,0,0,0,0,0,0,0,0,0,0,0,0,0,0,0,0,0,0,23,0.00001,101,0.00002
Pseudomonas aeruginosa,287,S,0,0,0,0,0,0,0,0,0,0,0,0,52,0.00002,0,0,0,0,0,0,0,0,0,0,0,0,0,0,0,0,0,0,0,0,0,0,0,0
Staphylococcus condimenti,70255,S,112,0.00033,123,0.00021,74,0.00024,91,0.00016,129,0.00019,197,0.00026,12,0,143,0.00001,302,0.00007,268,0.0001,10,0.00001,0,0,0,0,0,0,0,0,106,0.00015,17,0.00002,0,0,33,0.00001
Bovine associated gemykrogvirus 1,1985416,S,0,0,0,0,0,0,23,0.00004,0,0,0,0,0,0,0,0,0,0,0,0,0,0,0,0,0,0,0,0,0,0,0,0,0,0,0,0,0,0
Lactococcus phage 28201,1871678,S,0,0,0,0,0,0,0,0,0,0,0,0,0,0,53,0.00001,12,0,10,0,0,0,0,0,0,0,0,0,0,0,0,0,0,0,46,0.00002,169,0.00004
Carnobacterium sp. CP1,1564681,S,0,0,140,0.00024,0,0,0,0,73,0.00011,48,0.00006,12,0,0,0,0,0,0,0,4194,0.00588,0,0,0,0,0,0,0,0,0,0,0,0,0,0,16,0
Erwinia billingiae,182337,S,0,0,0,0,0,0,0,0,0,0,0,0,0,0,10,0,0,0,0,0,0,0,0,0,22,0.00001,0,0,0,0,0,0,0,0,0,0,0,0
