name	taxonomy_id	taxonomy_lvl	GF6-1P.bracken_num	GF6-1P.bracken_frac	GF6-2P.bracken_num	GF6-2P.bracken_frac	GF6-3P.bracken_num	GF6-3P.bracken_frac	GF7-1P.bracken_num	GF7-1P.bracken_frac	GF7-2P.bracken_num	GF7-2P.bracken_frac	GF7-3P.bracken_num	GF7-3P.bracken_frac	P2558.bracken_num	P2558.bracken_frac	P2560.bracken_num	P2560.bracken_frac	P2618.bracken_num	P2618.bracken_frac	P2620.bracken_num	P2620.bracken_frac	Q1T1.bracken_num	Q1T1.bracken_frac	Q2T2.bracken_num	Q2T2.bracken_frac	Q3T3.bracken_num	Q3T3.bracken_frac	Q4T8.bracken_num	Q4T8.bracken_frac	Q5T4.bracken_num	Q5T4.bracken_frac	Q5T5.bracken_num	Q5T5.bracken_frac	Q5T6.bracken_num	Q5T6.bracken_frac	Q5T9.bracken_num	Q5T9.bracken_frac	Q6T10.bracken_num	Q6T10.bracken_frac
Pseudomonas putida	303	S	0	0.00000	0	0.00000	0	0.00000	0	0.00000	0	0.00000	0	0.00000	95	0.00003	0	0.00000	0	0.00000	0	0.00000	0	0.00000	0	0.00000	0	0.00000	1434	0.00179	0	0.00000	0	0.00000	0	0.00000	0	0.00000	0	0.00000
Streptococcus lutetiensis	150055	S	0	0.00000	0	0.00000	0	0.00000	0	0.00000	0	0.00000	0	0.00000	0	0.00000	0	0.00000	0	0.00000	10	0.00000	0	0.00000	0	0.00000	0	0.00000	0	0.00000	0	0.00000	0	0.00000	0	0.00000	0	0.00000	0	0.00000
Pseudomonas sp. FDAARGOS_380	2018067	S	0	0.00000	0	0.00000	0	0.00000	0	0.00000	0	0.00000	0	0.00000	2316	0.00074	0	0.00000	0	0.00000	0	0.00000	0	0.00000	0	0.00000	0	0.00000	15	0.00002	0	0.00000	0	0.00000	0	0.00000	0	0.00000	0	0.00000
Ottowia sp. KADR8-3	2109914	S	0	0.00000	0	0.00000	0	0.00000	0	0.00000	0	0.00000	0	0.00000	0	0.00000	0	0.00000	0	0.00000	0	0.00000	0	0.00000	0	0.00000	0	0.00000	38	0.00005	0	0.00000	0	0.00000	0	0.00000	18	0.00001	39	0.00001
Citrobacter koseri	545	S	0	0.00000	0	0.00000	0	0.00000	0	0.00000	0	0.00000	0	0.00000	0	0.00000	0	0.00000	0	0.00000	0	0.00000	0	0.00000	0	0.00000	0	0.00000	93	0.00012	0	0.00000	0	0.00000	0	0.00000	12	0.00001	49	0.00001
Lactococcus virus CB13	665883	S	0	0.00000	0	0.00000	0	0.00000	0	0.00000	0	0.00000	0	0.00000	0	0.00000	0	0.00000	11	0.00000	0	0.00000	0	0.00000	0	0.00000	0	0.00000	0	0.00000	0	0.00000	0	0.00000	0	0.00000	0	0.00000	14	0.00000
Yersinia pestis	632	S	0	0.00000	0	0.00000	0	0.00000	0	0.00000	0	0.00000	0	0.00000	0	0.00000	0	0.00000	0	0.00000	0	0.00000	0	0.00000	0	0.00000	0	0.00000	0	0.00000	0	0.00000	0	0.00000	0	0.00000	0	0.00000	12	0.00000
Lactobacillus gasseri	1596	S	0	0.00000	0	0.00000	0	0.00000	0	0.00000	0	0.00000	0	0.00000	0	0.00000	0	0.00000	11	0.00000	0	0.00000	0	0.00000	0	0.00000	0	0.00000	0	0.00000	0	0.00000	0	0.00000	0	0.00000	0	0.00000	0	0.00000
Corynebacterium glutamicum	1718	S	0	0.00000	0	0.00000	0	0.00000	0	0.00000	0	0.00000	0	0.00000	15	0.00000	0	0.00000	34	0.00001	0	0.00000	0	0.00000	0	0.00000	0	0.00000	0	0.00000	0	0.00000	0	0.00000	0	0.00000	0	0.00000	0	0.00000
Corynebacterium maris	575200	S	26	0.00008	29	0.00005	0	0.00000	17	0.00003	0	0.00000	0	0.00000	47	0.00002	0	0.00000	0	0.00000	0	0.00000	0	0.00000	0	0.00000	0	0.00000	0	0.00000	0	0.00000	46	0.00006	0	0.00000	0	0.00000	0	0.00000
Dietzia sp. oral taxon 368	712270	S	537	0.00157	3019	0.00520	242	0.00079	89	0.00015	98	0.00015	164	0.00022	0	0.00000	0	0.00000	0	0.00000	0	0.00000	51	0.00007	168	0.00008	68	0.00004	0	0.00000	0	0.00000	0	0.00000	0	0.00000	0	0.00000	10	0.00000
Kocuria flava	446860	S	0	0.00000	0	0.00000	0	0.00000	0	0.00000	0	0.00000	0	0.00000	0	0.00000	0	0.00000	17	0.00000	0	0.00000	0	0.00000	0	0.00000	0	0.00000	0	0.00000	0	0.00000	0	0.00000	0	0.00000	0	0.00000	0	0.00000
Janibacter indicus	857417	S	87	0.00025	90	0.00016	12	0.00004	11	0.00002	0	0.00000	0	0.00000	173	0.00006	0	0.00000	16	0.00000	0	0.00000	146	0.00020	159	0.00007	97	0.00005	0	0.00000	0	0.00000	254	0.00035	19	0.00003	18	0.00001	16	0.00000
Enterobacteriaceae bacterium ENNIH1	2066051	S	0	0.00000	0	0.00000	0	0.00000	0	0.00000	0	0.00000	0	0.00000	0	0.00000	0	0.00000	0	0.00000	0	0.00000	0	0.00000	0	0.00000	0	0.00000	0	0.00000	0	0.00000	0	0.00000	0	0.00000	0	0.00000	11	0.00000
Enterobacteriaceae bacterium ENNIH2	1920109	S	0	0.00000	0	0.00000	0	0.00000	0	0.00000	0	0.00000	0	0.00000	0	0.00000	0	0.00000	0	0.00000	14	0.00001	0	0.00000	0	0.00000	0	0.00000	135	0.00017	0	0.00000	0	0.00000	0	0.00000	0	0.00000	0	0.00000
Enterobacter cloacae complex sp. 35734	1870930	S	0	0.00000	0	0.00000	0	0.00000	0	0.00000	0	0.00000	0	0.00000	0	0.00000	0	0.00000	0	0.00000	0	0.00000	0	0.00000	0	0.00000	0	0.00000	0	0.00000	0	0.00000	0	0.00000	0	0.00000	0	0.00000	15	0.00000
Proteus mirabilis	584	S	0	0.00000	0	0.00000	0	0.00000	0	0.00000	0	0.00000	0	0.00000	62	0.00002	0	0.00000	0	0.00000	0	0.00000	0	0.00000	0	0.00000	0	0.00000	0	0.00000	0	0.00000	0	0.00000	0	0.00000	0	0.00000	0	0.00000
Clostridium botulinum	1491	S	28	0.00008	58	0.00010	455	0.00148	165	0.00029	81	0.00012	123	0.00016	0	0.00000	0	0.00000	0	0.00000	0	0.00000	98	0.00014	693	0.00032	498	0.00027	1072	0.00134	673	0.00888	323	0.00045	421	0.00060	392	0.00020	880	0.00020
Jonesia denitrificans	43674	S	0	0.00000	0	0.00000	0	0.00000	0	0.00000	0	0.00000	0	0.00000	13	0.00000	0	0.00000	0	0.00000	0	0.00000	0	0.00000	15	0.00001	10	0.00001	0	0.00000	0	0.00000	0	0.00000	0	0.00000	0	0.00000	0	0.00000
Staphylococcus succinus	61015	S	40	0.00012	44	0.00008	63	0.00020	204	0.00036	192	0.00029	248	0.00033	14	0.00000	193	0.00002	1680	0.00037	675	0.00025	14	0.00002	0	0.00000	10	0.00001	106	0.00013	0	0.00000	95	0.00013	0	0.00000	0	0.00000	16	0.00000
Klebsiella pneumoniae	573	S	0	0.00000	0	0.00000	0	0.00000	0	0.00000	0	0.00000	0	0.00000	11	0.00000	114	0.00001	80	0.00002	125	0.00005	0	0.00000	0	0.00000	0	0.00000	1074	0.00134	0	0.00000	0	0.00000	0	0.00000	45	0.00002	99	0.00002
Rhodococcus ruber	1830	S	0	0.00000	0	0.00000	0	0.00000	0	0.00000	0	0.00000	0	0.00000	0	0.00000	0	0.00000	0	0.00000	0	0.00000	0	0.00000	18	0.00001	0	0.00000	0	0.00000	0	0.00000	0	0.00000	0	0.00000	0	0.00000	0	0.00000
Brachybacterium faecium	43669	S	337	0.00098	259	0.00045	25	0.00008	607	0.00106	433	0.00064	683	0.00090	354	0.00011	40	0.00000	38	0.00001	0	0.00000	1656	0.00232	1823	0.00083	1101	0.00059	84	0.00010	25	0.00033	687	0.00095	37	0.00005	61	0.00003	51	0.00001
Rhodococcus pyridinivorans	103816	S	0	0.00000	0	0.00000	0	0.00000	0	0.00000	0	0.00000	0	0.00000	61	0.00002	0	0.00000	0	0.00000	0	0.00000	0	0.00000	0	0.00000	0	0.00000	0	0.00000	0	0.00000	0	0.00000	0	0.00000	0	0.00000	0	0.00000
Marinilactibacillus sp. 15R	1911586	S	0	0.00000	0	0.00000	0	0.00000	22	0.00004	430	0.00064	293	0.00039	21614	0.00692	0	0.00000	0	0.00000	0	0.00000	0	0.00000	0	0.00000	0	0.00000	0	0.00000	0	0.00000	0	0.00000	0	0.00000	0	0.00000	0	0.00000
Serratia proteamaculans	28151	S	0	0.00000	0	0.00000	0	0.00000	0	0.00000	0	0.00000	0	0.00000	0	0.00000	0	0.00000	10	0.00000	13	0.00000	0	0.00000	0	0.00000	97	0.00005	0	0.00000	0	0.00000	0	0.00000	0	0.00000	0	0.00000	0	0.00000
Micrococcus luteus	1270	S	0	0.00000	0	0.00000	0	0.00000	57	0.00010	37	0.00006	73	0.00010	0	0.00000	0	0.00000	0	0.00000	0	0.00000	0	0.00000	0	0.00000	0	0.00000	0	0.00000	0	0.00000	19	0.00003	0	0.00000	0	0.00000	0	0.00000
Lactococcus virus 712	213769	S	0	0.00000	0	0.00000	0	0.00000	0	0.00000	0	0.00000	0	0.00000	0	0.00000	0	0.00000	0	0.00000	0	0.00000	0	0.00000	0	0.00000	0	0.00000	12	0.00001	0	0.00000	0	0.00000	0	0.00000	0	0.00000	0	0.00000
Escherichia phage HK639	906669	S	0	0.00000	0	0.00000	0	0.00000	0	0.00000	0	0.00000	0	0.00000	0	0.00000	0	0.00000	0	0.00000	0	0.00000	0	0.00000	0	0.00000	0	0.00000	10	0.00001	0	0.00000	0	0.00000	0	0.00000	0	0.00000	0	0.00000
Acinetobacter junii	40215	S	0	0.00000	0	0.00000	0	0.00000	0	0.00000	0	0.00000	0	0.00000	0	0.00000	0	0.00000	61	0.00001	138	0.00005	0	0.00000	0	0.00000	0	0.00000	40	0.00005	0	0.00000	0	0.00000	0	0.00000	49	0.00002	105	0.00002
Enterococcus mundtii	53346	S	0	0.00000	0	0.00000	0	0.00000	0	0.00000	0	0.00000	0	0.00000	0	0.00000	0	0.00000	0	0.00000	16	0.00001	0	0.00000	0	0.00000	0	0.00000	0	0.00000	0	0.00000	0	0.00000	0	0.00000	0	0.00000	0	0.00000
Lactococcus virus bIL67	36343	S	0	0.00000	0	0.00000	0	0.00000	0	0.00000	0	0.00000	0	0.00000	0	0.00000	0	0.00000	0	0.00000	0	0.00000	0	0.00000	0	0.00000	0	0.00000	766	0.00096	0	0.00000	0	0.00000	0	0.00000	0	0.00000	0	0.00000
Corynebacterium crudilactis	1652495	S	0	0.00000	0	0.00000	0	0.00000	0	0.00000	0	0.00000	0	0.00000	26	0.00001	0	0.00000	0	0.00000	0	0.00000	0	0.00000	0	0.00000	0	0.00000	0	0.00000	0	0.00000	0	0.00000	0	0.00000	0	0.00000	0	0.00000
Corynebacterium diphtheriae	1717	S	0	0.00000	0	0.00000	0	0.00000	0	0.00000	0	0.00000	0	0.00000	16	0.00001	0	0.00000	0	0.00000	0	0.00000	0	0.00000	0	0.00000	0	0.00000	0	0.00000	0	0.00000	0	0.00000	0	0.00000	0	0.00000	0	0.00000
Bifidobacterium dentium	1689	S	0	0.00000	0	0.00000	0	0.00000	0	0.00000	0	0.00000	0	0.00000	0	0.00000	0	0.00000	18	0.00000	13	0.00000	0	0.00000	0	0.00000	0	0.00000	0	0.00000	0	0.00000	0	0.00000	0	0.00000	0	0.00000	0	0.00000
Weissella paramesenteroides	1249	S	0	0.00000	0	0.00000	0	0.00000	0	0.00000	0	0.00000	0	0.00000	0	0.00000	10	0.00000	118	0.00003	97	0.00004	0	0.00000	0	0.00000	0	0.00000	27	0.00003	0	0.00000	0	0.00000	0	0.00000	81	0.00004	202	0.00005
Acidipropionibacterium acidipropionici	1748	S	0	0.00000	25	0.00004	0	0.00000	0	0.00000	20	0.00003	13	0.00002	42	0.00001	0	0.00000	597	0.00013	0	0.00000	199	0.00028	85	0.00004	46	0.00002	26	0.00003	0	0.00000	13	0.00002	0	0.00000	0	0.00000	0	0.00000
Carnobacterium maltaromaticum	2751	S	0	0.00000	0	0.00000	0	0.00000	0	0.00000	0	0.00000	0	0.00000	1272	0.00041	0	0.00000	0	0.00000	0	0.00000	0	0.00000	0	0.00000	34	0.00002	0	0.00000	0	0.00000	0	0.00000	0	0.00000	0	0.00000	0	0.00000
Microbacterium aurum	36805	S	0	0.00000	0	0.00000	0	0.00000	0	0.00000	0	0.00000	0	0.00000	0	0.00000	17	0.00000	0	0.00000	0	0.00000	0	0.00000	0	0.00000	0	0.00000	0	0.00000	0	0.00000	0	0.00000	0	0.00000	0	0.00000	0	0.00000
Yersinia rohdei	29485	S	0	0.00000	0	0.00000	0	0.00000	0	0.00000	0	0.00000	0	0.00000	0	0.00000	0	0.00000	0	0.00000	0	0.00000	0	0.00000	0	0.00000	0	0.00000	0	0.00000	0	0.00000	0	0.00000	0	0.00000	0	0.00000	11	0.00000
Streptococcus dysgalactiae	1334	S	0	0.00000	0	0.00000	0	0.00000	0	0.00000	0	0.00000	0	0.00000	0	0.00000	102	0.00001	0	0.00000	0	0.00000	0	0.00000	0	0.00000	0	0.00000	0	0.00000	0	0.00000	0	0.00000	0	0.00000	0	0.00000	0	0.00000
Sphingobacterium sp. ML3W	1538644	S	0	0.00000	0	0.00000	0	0.00000	0	0.00000	0	0.00000	0	0.00000	0	0.00000	0	0.00000	0	0.00000	0	0.00000	0	0.00000	0	0.00000	0	0.00000	0	0.00000	0	0.00000	0	0.00000	0	0.00000	0	0.00000	10	0.00000
Vagococcus penaei	633807	S	0	0.00000	0	0.00000	0	0.00000	0	0.00000	0	0.00000	0	0.00000	0	0.00000	0	0.00000	14	0.00000	18	0.00001	0	0.00000	0	0.00000	0	0.00000	0	0.00000	0	0.00000	0	0.00000	0	0.00000	0	0.00000	0	0.00000
Elizabethkingia bruuniana	1756149	S	0	0.00000	0	0.00000	0	0.00000	0	0.00000	0	0.00000	0	0.00000	0	0.00000	0	0.00000	0	0.00000	0	0.00000	0	0.00000	0	0.00000	0	0.00000	0	0.00000	0	0.00000	0	0.00000	0	0.00000	27	0.00001	218	0.00005
Halomonas sp. KO116	1504981	S	0	0.00000	0	0.00000	0	0.00000	90	0.00016	0	0.00000	130	0.00017	849	0.00027	0	0.00000	0	0.00000	0	0.00000	0	0.00000	0	0.00000	0	0.00000	0	0.00000	0	0.00000	72	0.00010	0	0.00000	0	0.00000	0	0.00000
Kocuria rhizophila	72000	S	182	0.00053	214	0.00037	57	0.00019	46	0.00008	61	0.00009	89	0.00012	193	0.00006	48	0.00001	82	0.00002	0	0.00000	204	0.00029	591	0.00027	196	0.00010	46	0.00006	0	0.00000	216	0.00030	29	0.00004	37	0.00002	43	0.00001
Elizabethkingia meningoseptica	238	S	0	0.00000	0	0.00000	0	0.00000	0	0.00000	0	0.00000	0	0.00000	0	0.00000	0	0.00000	0	0.00000	0	0.00000	0	0.00000	0	0.00000	0	0.00000	0	0.00000	0	0.00000	0	0.00000	0	0.00000	86	0.00004	623	0.00014
Lactobacillus sakei	1599	S	0	0.00000	0	0.00000	0	0.00000	21	0.00004	24	0.00004	23	0.00003	14	0.00000	81	0.00001	22	0.00000	12	0.00000	0	0.00000	0	0.00000	0	0.00000	0	0.00000	0	0.00000	0	0.00000	0	0.00000	10	0.00001	15	0.00000
Gordonia phthalatica	1136941	S	0	0.00000	0	0.00000	0	0.00000	12	0.00002	0	0.00000	0	0.00000	0	0.00000	0	0.00000	0	0.00000	0	0.00000	0	0.00000	0	0.00000	0	0.00000	0	0.00000	0	0.00000	23	0.00003	0	0.00000	0	0.00000	0	0.00000
Corynebacterium terpenotabidum	89154	S	0	0.00000	0	0.00000	0	0.00000	0	0.00000	0	0.00000	0	0.00000	12	0.00000	0	0.00000	52	0.00001	0	0.00000	0	0.00000	0	0.00000	16	0.00001	72	0.00009	0	0.00000	0	0.00000	0	0.00000	0	0.00000	0	0.00000
Auricoccus indicus	1849491	S	2093	0.00611	5684	0.00980	127	0.00041	0	0.00000	12	0.00002	12	0.00002	0	0.00000	0	0.00000	18	0.00000	0	0.00000	147	0.00021	0	0.00000	0	0.00000	0	0.00000	81	0.00107	0	0.00000	106	0.00015	12	0.00001	118	0.00003
Staphylococcus aureus	1280	S	873	0.00255	1736	0.00299	1044	0.00339	1861	0.00324	2658	0.00395	4877	0.00645	668	0.00021	1316	0.00014	2244	0.00049	1590	0.00059	127	0.00018	14	0.00001	17	0.00001	35	0.00004	183	0.00241	767	0.00106	165	0.00024	117	0.00006	386	0.00009
Leuconostoc lactis	1246	S	0	0.00000	0	0.00000	0	0.00000	0	0.00000	0	0.00000	0	0.00000	760	0.00024	933	0.00010	0	0.00000	14	0.00001	0	0.00000	0	0.00000	0	0.00000	0	0.00000	0	0.00000	0	0.00000	0	0.00000	0	0.00000	0	0.00000
Macrococcus canis	1855823	S	0	0.00000	0	0.00000	0	0.00000	0	0.00000	17	0.00003	12	0.00002	0	0.00000	0	0.00000	0	0.00000	0	0.00000	0	0.00000	0	0.00000	0	0.00000	0	0.00000	0	0.00000	0	0.00000	0	0.00000	0	0.00000	0	0.00000
Brevibacterium linens	1703	S	545	0.00159	577	0.00099	169	0.00055	1889	0.00329	4746	0.00706	1678	0.00222	3568	0.00114	200	0.00002	1281	0.00028	204	0.00008	548	0.00077	1510	0.00069	1179	0.00063	218	0.00027	62	0.00082	884	0.00122	121	0.00017	96	0.00005	171	0.00004
Pediococcus pentosaceus	1255	S	0	0.00000	0	0.00000	0	0.00000	118	0.00021	767	0.00114	396	0.00052	0	0.00000	0	0.00000	178	0.00004	39	0.00001	0	0.00000	0	0.00000	0	0.00000	35	0.00004	0	0.00000	0	0.00000	0	0.00000	10	0.00001	0	0.00000
Rhodococcus erythropolis	1833	S	0	0.00000	0	0.00000	0	0.00000	0	0.00000	0	0.00000	0	0.00000	0	0.00000	0	0.00000	0	0.00000	0	0.00000	0	0.00000	0	0.00000	20	0.00001	0	0.00000	0	0.00000	0	0.00000	0	0.00000	0	0.00000	0	0.00000
Corynebacterium singulare	161899	S	23	0.00007	21	0.00004	0	0.00000	0	0.00000	0	0.00000	22	0.00003	291	0.00009	37	0.00000	173	0.00004	0	0.00000	135	0.00019	424	0.00019	418	0.00022	60	0.00007	0	0.00000	136	0.00019	0	0.00000	0	0.00000	12	0.00000
Staphylococcus cohnii	29382	S	494	0.00144	844	0.00145	709	0.00231	221	0.00038	248	0.00037	363	0.00048	247	0.00008	347	0.00004	188	0.00004	150	0.00006	56	0.00008	0	0.00000	0	0.00000	0	0.00000	24	0.00032	247	0.00034	27	0.00004	0	0.00000	66	0.00002
Serratia plymuthica	82996	S	0	0.00000	0	0.00000	0	0.00000	0	0.00000	0	0.00000	0	0.00000	0	0.00000	0	0.00000	0	0.00000	10	0.00000	0	0.00000	0	0.00000	62	0.00003	0	0.00000	0	0.00000	0	0.00000	0	0.00000	0	0.00000	0	0.00000
Kytococcus sedentarius	1276	S	1667	0.00487	907	0.00156	56	0.00018	256	0.00045	165	0.00025	266	0.00035	1821	0.00058	211	0.00002	69	0.00002	0	0.00000	1465	0.00206	2400	0.00110	1962	0.00104	153	0.00019	11	0.00015	914	0.00126	63	0.00009	58	0.00003	68	0.00002
Moraxella osloensis	34062	S	0	0.00000	15	0.00003	15	0.00005	156	0.00027	758	0.00113	828	0.00110	0	0.00000	0	0.00000	2243	0.00049	5987	0.00221	0	0.00000	0	0.00000	0	0.00000	0	0.00000	0	0.00000	0	0.00000	0	0.00000	0	0.00000	14	0.00000
Bifidobacterium animalis	28025	S	4533	0.01323	29	0.00005	0	0.00000	0	0.00000	0	0.00000	0	0.00000	0	0.00000	0	0.00000	0	0.00000	0	0.00000	43	0.00006	0	0.00000	534	0.00028	0	0.00000	47549	0.62727	8355	0.01153	615792	0.88133	0	0.00000	182	0.00004
Macrococcus sp. IME1552	1898474	S	0	0.00000	26	0.00004	0	0.00000	0	0.00000	36	0.00005	17	0.00002	0	0.00000	0	0.00000	531	0.00012	844	0.00031	0	0.00000	0	0.00000	0	0.00000	0	0.00000	0	0.00000	0	0.00000	0	0.00000	0	0.00000	14	0.00000
Weissella jogaejeotgali	1631871	S	0	0.00000	0	0.00000	0	0.00000	0	0.00000	0	0.00000	17	0.00002	69	0.00002	0	0.00000	11	0.00000	0	0.00000	0	0.00000	0	0.00000	0	0.00000	10	0.00001	0	0.00000	0	0.00000	0	0.00000	27	0.00001	0	0.00000
Lactococcus phage P335 sensu lato	354260	S	0	0.00000	11	0.00002	15	0.00005	0	0.00000	0	0.00000	0	0.00000	321	0.00010	373	0.00004	61	0.00001	31	0.00001	0	0.00000	0	0.00000	0	0.00000	0	0.00000	0	0.00000	0	0.00000	0	0.00000	151	0.00008	297	0.00007
Janthinobacterium agaricidamnosum	55508	S	0	0.00000	0	0.00000	0	0.00000	11	0.00002	0	0.00000	0	0.00000	0	0.00000	0	0.00000	0	0.00000	0	0.00000	0	0.00000	0	0.00000	0	0.00000	10	0.00001	0	0.00000	0	0.00000	0	0.00000	0	0.00000	0	0.00000
Lactococcus phage BK5-T	31754	S	0	0.00000	58	0.00010	50	0.00016	0	0.00000	0	0.00000	0	0.00000	49	0.00002	24	0.00000	81	0.00002	179	0.00007	0	0.00000	0	0.00000	0	0.00000	36	0.00004	0	0.00000	0	0.00000	0	0.00000	457	0.00023	667	0.00015
Mannheimia haemolytica	75985	S	0	0.00000	0	0.00000	0	0.00000	0	0.00000	0	0.00000	0	0.00000	0	0.00000	0	0.00000	0	0.00000	0	0.00000	0	0.00000	0	0.00000	0	0.00000	0	0.00000	0	0.00000	0	0.00000	0	0.00000	23	0.00001	57	0.00001
Lactobacillus acidipiscis	89059	S	0	0.00000	0	0.00000	0	0.00000	0	0.00000	0	0.00000	17	0.00002	561	0.00018	0	0.00000	62	0.00001	0	0.00000	0	0.00000	0	0.00000	0	0.00000	0	0.00000	0	0.00000	0	0.00000	0	0.00000	0	0.00000	0	0.00000
Lactobacillus casei	1582	S	32	0.00009	11	0.00002	144	0.00047	83	0.00014	49	0.00007	83	0.00011	407	0.00013	0	0.00000	896	0.00020	394	0.00015	0	0.00000	0	0.00000	0	0.00000	18	0.00002	0	0.00000	0	0.00000	0	0.00000	55	0.00003	138	0.00003
Lactobacillus amylophilus	1603	S	0	0.00000	0	0.00000	0	0.00000	0	0.00000	0	0.00000	0	0.00000	44	0.00001	10	0.00000	17	0.00000	11	0.00000	0	0.00000	0	0.00000	0	0.00000	0	0.00000	0	0.00000	0	0.00000	0	0.00000	23	0.00001	23	0.00001
Staphylococcus hominis	1290	S	0	0.00000	0	0.00000	0	0.00000	0	0.00000	0	0.00000	0	0.00000	85	0.00003	0	0.00000	13	0.00000	17	0.00001	0	0.00000	0	0.00000	0	0.00000	0	0.00000	0	0.00000	0	0.00000	0	0.00000	0	0.00000	0	0.00000
Brevibacterium aurantiacum	273384	S	300525	0.87719	332550	0.57311	111574	0.36274	364355	0.63416	240575	0.35787	311845	0.41246	851105	0.27235	254278	0.02652	71803	0.01579	4243	0.00157	689955	0.96809	2166785	0.98994	1850369	0.98514	291145	0.36362	15629	0.20618	660035	0.91122	69833	0.09995	55729	0.02803	91062	0.02076
Marinobacter sp. LQ44	1749259	S	0	0.00000	0	0.00000	0	0.00000	33	0.00006	0	0.00000	14	0.00002	0	0.00000	0	0.00000	0	0.00000	0	0.00000	0	0.00000	0	0.00000	0	0.00000	0	0.00000	0	0.00000	0	0.00000	0	0.00000	0	0.00000	0	0.00000
Acinetobacter sp. TTH0-4	1646498	S	0	0.00000	0	0.00000	0	0.00000	0	0.00000	0	0.00000	0	0.00000	0	0.00000	0	0.00000	29	0.00001	62	0.00002	0	0.00000	0	0.00000	0	0.00000	25	0.00003	0	0.00000	0	0.00000	0	0.00000	33	0.00002	90	0.00002
Yersinia enterocolitica	630	S	0	0.00000	0	0.00000	0	0.00000	0	0.00000	0	0.00000	0	0.00000	0	0.00000	0	0.00000	0	0.00000	0	0.00000	0	0.00000	0	0.00000	0	0.00000	0	0.00000	0	0.00000	0	0.00000	0	0.00000	0	0.00000	16	0.00000
Shewanella sp. ANA-3	94122	S	0	0.00000	0	0.00000	0	0.00000	0	0.00000	0	0.00000	23	0.00003	0	0.00000	0	0.00000	0	0.00000	0	0.00000	0	0.00000	0	0.00000	0	0.00000	0	0.00000	0	0.00000	0	0.00000	0	0.00000	0	0.00000	0	0.00000
Rhodococcus fascians	1828	S	0	0.00000	0	0.00000	0	0.00000	0	0.00000	0	0.00000	0	0.00000	0	0.00000	0	0.00000	0	0.00000	0	0.00000	58	0.00008	0	0.00000	226	0.00012	20	0.00002	0	0.00000	0	0.00000	0	0.00000	0	0.00000	0	0.00000
Acinetobacter indicus	756892	S	0	0.00000	0	0.00000	0	0.00000	0	0.00000	0	0.00000	0	0.00000	0	0.00000	0	0.00000	0	0.00000	37	0.00001	0	0.00000	0	0.00000	0	0.00000	0	0.00000	0	0.00000	0	0.00000	0	0.00000	15	0.00001	40	0.00001
Citrobacter youngae	133448	S	0	0.00000	0	0.00000	0	0.00000	0	0.00000	0	0.00000	0	0.00000	0	0.00000	0	0.00000	0	0.00000	0	0.00000	0	0.00000	0	0.00000	0	0.00000	43	0.00005	0	0.00000	0	0.00000	0	0.00000	0	0.00000	0	0.00000
Acinetobacter johnsonii	40214	S	0	0.00000	0	0.00000	13	0.00004	0	0.00000	0	0.00000	0	0.00000	0	0.00000	0	0.00000	8655	0.00190	17234	0.00637	0	0.00000	0	0.00000	0	0.00000	4580	0.00572	0	0.00000	0	0.00000	0	0.00000	6592	0.00332	12964	0.00296
Streptococcus pluranimalium	82348	S	0	0.00000	0	0.00000	11	0.00004	0	0.00000	0	0.00000	0	0.00000	0	0.00000	0	0.00000	0	0.00000	0	0.00000	0	0.00000	0	0.00000	0	0.00000	0	0.00000	0	0.00000	0	0.00000	0	0.00000	0	0.00000	10	0.00000
Pediococcus inopinatus	114090	S	0	0.00000	0	0.00000	0	0.00000	34	0.00006	60	0.00009	60	0.00008	95	0.00003	0	0.00000	209	0.00005	62	0.00002	0	0.00000	0	0.00000	0	0.00000	171	0.00021	0	0.00000	0	0.00000	0	0.00000	112	0.00006	38	0.00001
Listeria innocua	1642	S	0	0.00000	0	0.00000	0	0.00000	0	0.00000	0	0.00000	0	0.00000	28	0.00001	0	0.00000	0	0.00000	0	0.00000	0	0.00000	0	0.00000	0	0.00000	0	0.00000	0	0.00000	0	0.00000	0	0.00000	0	0.00000	0	0.00000
Acinetobacter baumannii	470	S	0	0.00000	0	0.00000	0	0.00000	0	0.00000	0	0.00000	0	0.00000	0	0.00000	0	0.00000	82	0.00002	156	0.00006	0	0.00000	0	0.00000	0	0.00000	74	0.00009	0	0.00000	0	0.00000	0	0.00000	74	0.00004	117	0.00003
Providencia rettgeri	587	S	0	0.00000	0	0.00000	0	0.00000	0	0.00000	0	0.00000	0	0.00000	1484	0.00047	0	0.00000	228	0.00005	0	0.00000	0	0.00000	0	0.00000	0	0.00000	0	0.00000	0	0.00000	0	0.00000	0	0.00000	0	0.00000	0	0.00000
Lactococcus phage M6165	1862962	S	0	0.00000	0	0.00000	0	0.00000	0	0.00000	0	0.00000	0	0.00000	0	0.00000	0	0.00000	0	0.00000	0	0.00000	0	0.00000	0	0.00000	0	0.00000	487	0.00061	0	0.00000	0	0.00000	0	0.00000	0	0.00000	0	0.00000
Pediococcus damnosus	51663	S	0	0.00000	0	0.00000	0	0.00000	33	0.00006	35	0.00005	53	0.00007	13	0.00000	0	0.00000	514	0.00011	34	0.00001	0	0.00000	0	0.00000	0	0.00000	0	0.00000	0	0.00000	0	0.00000	0	0.00000	12	0.00001	0	0.00000
Lactococcus phage jm2	1262535	S	0	0.00000	0	0.00000	0	0.00000	0	0.00000	0	0.00000	0	0.00000	69	0.00002	0	0.00000	0	0.00000	15	0.00001	0	0.00000	0	0.00000	0	0.00000	0	0.00000	0	0.00000	0	0.00000	0	0.00000	0	0.00000	0	0.00000
Brachybacterium sp. VM2412	2017484	S	433	0.00126	223	0.00038	25	0.00008	1997	0.00348	1269	0.00189	2122	0.00281	269	0.00009	15	0.00000	15	0.00000	0	0.00000	719	0.00101	255	0.00012	267	0.00014	28	0.00003	11	0.00015	868	0.00120	18	0.00003	38	0.00002	79	0.00002
Brachybacterium sp. VR2415	2017485	S	1226	0.00358	1002	0.00173	55	0.00018	1393	0.00242	1051	0.00156	1720	0.00227	2885	0.00092	36	0.00000	33	0.00001	0	0.00000	718	0.00101	612	0.00028	522	0.00028	44	0.00005	19	0.00025	906	0.00125	21	0.00003	11	0.00001	31	0.00001
Sphingobacterium sp. G1-14	2003121	S	0	0.00000	0	0.00000	0	0.00000	0	0.00000	0	0.00000	0	0.00000	0	0.00000	0	0.00000	0	0.00000	0	0.00000	0	0.00000	0	0.00000	0	0.00000	21	0.00003	0	0.00000	0	0.00000	0	0.00000	0	0.00000	0	0.00000
Frankia symbiont of Datisca glomerata	656024	S	0	0.00000	0	0.00000	0	0.00000	0	0.00000	0	0.00000	0	0.00000	0	0.00000	0	0.00000	12	0.00000	0	0.00000	0	0.00000	0	0.00000	0	0.00000	0	0.00000	0	0.00000	0	0.00000	0	0.00000	0	0.00000	0	0.00000
Microbacterium sp. BH-3-3-3	1906742	S	0	0.00000	0	0.00000	0	0.00000	0	0.00000	0	0.00000	0	0.00000	0	0.00000	0	0.00000	0	0.00000	0	0.00000	0	0.00000	0	0.00000	23	0.00001	0	0.00000	0	0.00000	0	0.00000	0	0.00000	0	0.00000	0	0.00000
Cronobacter sakazakii	28141	S	0	0.00000	0	0.00000	0	0.00000	0	0.00000	0	0.00000	0	0.00000	0	0.00000	0	0.00000	0	0.00000	0	0.00000	0	0.00000	0	0.00000	0	0.00000	0	0.00000	0	0.00000	0	0.00000	0	0.00000	0	0.00000	11	0.00000
Lactococcus phage WRP3	1560313	S	0	0.00000	13	0.00002	40	0.00013	0	0.00000	0	0.00000	0	0.00000	0	0.00000	0	0.00000	635	0.00014	1032	0.00038	0	0.00000	0	0.00000	0	0.00000	0	0.00000	0	0.00000	0	0.00000	0	0.00000	165	0.00008	859	0.00020
Enterococcus thailandicus	417368	S	0	0.00000	0	0.00000	0	0.00000	0	0.00000	0	0.00000	0	0.00000	0	0.00000	0	0.00000	54	0.00001	0	0.00000	0	0.00000	0	0.00000	0	0.00000	301	0.00038	0	0.00000	0	0.00000	0	0.00000	0	0.00000	0	0.00000
Tetragenococcus halophilus	51669	S	0	0.00000	0	0.00000	29	0.00009	1342	0.00234	17781	0.02645	4073	0.00539	187548	0.06001	0	0.00000	61	0.00001	14	0.00001	0	0.00000	0	0.00000	0	0.00000	27	0.00003	0	0.00000	122	0.00017	0	0.00000	131	0.00007	250	0.00006
Pseudomonas sp. LG1D9	2083054	S	0	0.00000	0	0.00000	0	0.00000	0	0.00000	0	0.00000	0	0.00000	10	0.00000	0	0.00000	0	0.00000	0	0.00000	0	0.00000	0	0.00000	0	0.00000	0	0.00000	0	0.00000	0	0.00000	0	0.00000	0	0.00000	0	0.00000
Lactobacillus sanfranciscensis	1625	S	88	0.00026	0	0.00000	235	0.00076	0	0.00000	0	0.00000	18	0.00002	27	0.00001	173	0.00002	26	0.00001	14	0.00001	0	0.00000	0	0.00000	0	0.00000	0	0.00000	0	0.00000	0	0.00000	0	0.00000	18	0.00001	17	0.00000
Propionibacterium freudenreichii	1744	S	194	0.00057	270	0.00047	13	0.00004	24	0.00004	15	0.00002	24	0.00003	583	0.00019	34	0.00000	367	0.00008	178	0.00007	495	0.00069	655	0.00030	254	0.00014	239	0.00030	26	0.00034	370	0.00051	39	0.00006	67	0.00003	57	0.00001
Salimicrobium jeotgali	1230341	S	0	0.00000	0	0.00000	0	0.00000	0	0.00000	0	0.00000	26	0.00003	0	0.00000	0	0.00000	0	0.00000	0	0.00000	0	0.00000	0	0.00000	0	0.00000	0	0.00000	0	0.00000	0	0.00000	0	0.00000	0	0.00000	0	0.00000
Leuconostoc gelidum	1244	S	0	0.00000	0	0.00000	0	0.00000	0	0.00000	0	0.00000	0	0.00000	0	0.00000	53	0.00001	10	0.00000	0	0.00000	0	0.00000	0	0.00000	0	0.00000	0	0.00000	0	0.00000	0	0.00000	0	0.00000	0	0.00000	0	0.00000
Propionibacterium sp. oral taxon 193	671223	S	0	0.00000	0	0.00000	0	0.00000	0	0.00000	0	0.00000	0	0.00000	0	0.00000	0	0.00000	0	0.00000	0	0.00000	0	0.00000	0	0.00000	0	0.00000	0	0.00000	0	0.00000	0	0.00000	0	0.00000	28	0.00001	0	0.00000
Alcaligenes faecalis	511	S	0	0.00000	0	0.00000	0	0.00000	0	0.00000	0	0.00000	0	0.00000	14	0.00000	0	0.00000	0	0.00000	0	0.00000	0	0.00000	0	0.00000	0	0.00000	0	0.00000	0	0.00000	0	0.00000	0	0.00000	0	0.00000	0	0.00000
Arthrobacter sp. YC-RL1	1652545	S	0	0.00000	0	0.00000	0	0.00000	0	0.00000	0	0.00000	0	0.00000	0	0.00000	0	0.00000	0	0.00000	0	0.00000	19	0.00003	19	0.00001	0	0.00000	0	0.00000	0	0.00000	0	0.00000	0	0.00000	0	0.00000	0	0.00000
Weissella cibaria	137591	S	0	0.00000	0	0.00000	0	0.00000	0	0.00000	0	0.00000	0	0.00000	0	0.00000	0	0.00000	0	0.00000	0	0.00000	0	0.00000	0	0.00000	0	0.00000	29	0.00004	0	0.00000	0	0.00000	0	0.00000	0	0.00000	0	0.00000
Sanguibacter keddieii	60920	S	0	0.00000	0	0.00000	0	0.00000	0	0.00000	0	0.00000	0	0.00000	0	0.00000	0	0.00000	0	0.00000	0	0.00000	0	0.00000	0	0.00000	16	0.00001	0	0.00000	0	0.00000	0	0.00000	0	0.00000	0	0.00000	0	0.00000
Corynebacterium falsenii	108486	S	0	0.00000	0	0.00000	0	0.00000	0	0.00000	0	0.00000	0	0.00000	57	0.00002	0	0.00000	0	0.00000	0	0.00000	0	0.00000	0	0.00000	0	0.00000	0	0.00000	0	0.00000	0	0.00000	0	0.00000	0	0.00000	0	0.00000
Lactococcus virus Sl4	287412	S	0	0.00000	0	0.00000	0	0.00000	0	0.00000	0	0.00000	0	0.00000	31	0.00001	0	0.00000	0	0.00000	10	0.00000	0	0.00000	0	0.00000	0	0.00000	0	0.00000	0	0.00000	0	0.00000	0	0.00000	0	0.00000	0	0.00000
Klebsiella oxytoca	571	S	0	0.00000	0	0.00000	0	0.00000	0	0.00000	0	0.00000	0	0.00000	14	0.00000	0	0.00000	173	0.00004	184	0.00007	0	0.00000	0	0.00000	0	0.00000	449	0.00056	0	0.00000	0	0.00000	0	0.00000	0	0.00000	30	0.00001
Chryseobacterium indologenes	253	S	0	0.00000	0	0.00000	24	0.00008	12	0.00002	0	0.00000	151	0.00020	0	0.00000	0	0.00000	0	0.00000	0	0.00000	0	0.00000	0	0.00000	0	0.00000	0	0.00000	20	0.00026	0	0.00000	0	0.00000	31223	0.01570	231804	0.05284
Lactobacillus parabuchneri	152331	S	0	0.00000	0	0.00000	0	0.00000	44	0.00008	26	0.00004	0	0.00000	1656	0.00053	0	0.00000	13636	0.00300	292	0.00011	0	0.00000	0	0.00000	0	0.00000	2830	0.00353	0	0.00000	0	0.00000	0	0.00000	287	0.00014	227	0.00005
Staphylococcus capitis	29388	S	117	0.00034	118	0.00020	0	0.00000	0	0.00000	0	0.00000	0	0.00000	0	0.00000	0	0.00000	0	0.00000	0	0.00000	0	0.00000	0	0.00000	0	0.00000	0	0.00000	0	0.00000	0	0.00000	0	0.00000	0	0.00000	0	0.00000
Kocuria palustris	71999	S	64	0.00019	64	0.00011	12	0.00004	11	0.00002	19	0.00003	19	0.00003	44	0.00001	100	0.00001	46	0.00001	0	0.00000	513	0.00072	392	0.00018	486	0.00026	54	0.00007	0	0.00000	58	0.00008	0	0.00000	0	0.00000	0	0.00000
Streptococcus parauberis	1348	S	222	0.00065	4606	0.00794	6677	0.02171	0	0.00000	0	0.00000	23	0.00003	19	0.00001	202	0.00002	11669	0.00257	35830	0.01324	0	0.00000	0	0.00000	17	0.00001	14168	0.01770	24	0.00032	0	0.00000	0	0.00000	5659	0.00285	13331	0.00304
Acinetobacter haemolyticus	29430	S	0	0.00000	0	0.00000	0	0.00000	0	0.00000	0	0.00000	0	0.00000	0	0.00000	0	0.00000	19	0.00000	25	0.00001	0	0.00000	0	0.00000	0	0.00000	0	0.00000	0	0.00000	0	0.00000	0	0.00000	0	0.00000	18	0.00000
Halomonas hydrothermalis	115561	S	0	0.00000	0	0.00000	0	0.00000	36	0.00006	0	0.00000	47	0.00006	22	0.00001	0	0.00000	0	0.00000	0	0.00000	0	0.00000	0	0.00000	0	0.00000	0	0.00000	0	0.00000	0	0.00000	0	0.00000	0	0.00000	0	0.00000
Pantoea vagans	470934	S	0	0.00000	0	0.00000	0	0.00000	0	0.00000	0	0.00000	0	0.00000	0	0.00000	0	0.00000	0	0.00000	0	0.00000	0	0.00000	0	0.00000	0	0.00000	27	0.00003	0	0.00000	0	0.00000	0	0.00000	0	0.00000	10	0.00000
Prevotella dentalis	52227	S	0	0.00000	0	0.00000	0	0.00000	0	0.00000	12	0.00002	0	0.00000	0	0.00000	0	0.00000	0	0.00000	0	0.00000	0	0.00000	0	0.00000	0	0.00000	0	0.00000	0	0.00000	0	0.00000	0	0.00000	0	0.00000	0	0.00000
Cutibacterium acnes	1747	S	0	0.00000	0	0.00000	0	0.00000	0	0.00000	0	0.00000	110	0.00015	0	0.00000	0	0.00000	0	0.00000	0	0.00000	0	0.00000	0	0.00000	0	0.00000	0	0.00000	0	0.00000	0	0.00000	0	0.00000	0	0.00000	13	0.00000
Lactobacillus pentosus	1589	S	0	0.00000	0	0.00000	0	0.00000	22	0.00004	33	0.00005	31	0.00004	26	0.00001	0	0.00000	141	0.00003	46	0.00002	0	0.00000	0	0.00000	0	0.00000	0	0.00000	0	0.00000	0	0.00000	0	0.00000	0	0.00000	0	0.00000
Salinicoccus halodurans	407035	S	389	0.00114	2071	0.00357	230	0.00075	1786	0.00311	6109	0.00909	4217	0.00558	87	0.00003	67	0.00001	0	0.00000	0	0.00000	87	0.00012	0	0.00000	0	0.00000	14	0.00002	303	0.00400	80	0.00011	370	0.00053	27	0.00001	169	0.00004
Tessaracoccus aquimaris	1332264	S	0	0.00000	0	0.00000	0	0.00000	0	0.00000	0	0.00000	0	0.00000	0	0.00000	0	0.00000	18	0.00000	14	0.00001	43	0.00006	0	0.00000	40	0.00002	0	0.00000	0	0.00000	47	0.00006	0	0.00000	0	0.00000	0	0.00000
Lactobacillus kefiranofaciens	267818	S	0	0.00000	0	0.00000	0	0.00000	0	0.00000	0	0.00000	0	0.00000	15	0.00000	0	0.00000	428	0.00009	551	0.00020	0	0.00000	0	0.00000	0	0.00000	0	0.00000	0	0.00000	0	0.00000	0	0.00000	385	0.00019	302	0.00007
Staphylococcus carnosus	1281	S	45	0.00013	116	0.00020	75	0.00024	153	0.00027	184	0.00027	280	0.00037	89	0.00003	127	0.00001	602	0.00013	435	0.00016	0	0.00000	0	0.00000	0	0.00000	0	0.00000	0	0.00000	61	0.00008	0	0.00000	0	0.00000	0	0.00000
Microbacterium sp. str. 'China'	2103230	S	0	0.00000	0	0.00000	0	0.00000	0	0.00000	0	0.00000	0	0.00000	0	0.00000	0	0.00000	0	0.00000	0	0.00000	11	0.00002	0	0.00000	35	0.00002	0	0.00000	0	0.00000	0	0.00000	0	0.00000	0	0.00000	0	0.00000
Lactococcus piscium	1364	S	0	0.00000	26	0.00004	23	0.00007	0	0.00000	0	0.00000	0	0.00000	177	0.00006	63745	0.00665	3138	0.00069	1949	0.00072	0	0.00000	0	0.00000	0	0.00000	50	0.00006	0	0.00000	0	0.00000	0	0.00000	824	0.00041	1487	0.00034
Lactococcus phage 98201	1871690	S	0	0.00000	0	0.00000	0	0.00000	0	0.00000	16	0.00002	11	0.00001	0	0.00000	0	0.00000	11	0.00000	11	0.00000	0	0.00000	0	0.00000	0	0.00000	0	0.00000	0	0.00000	0	0.00000	0	0.00000	17	0.00001	32	0.00001
Hafnia paralvei	546367	S	0	0.00000	0	0.00000	0	0.00000	0	0.00000	0	0.00000	0	0.00000	593	0.00019	138	0.00001	5213	0.00115	8565	0.00316	0	0.00000	0	0.00000	0	0.00000	0	0.00000	0	0.00000	0	0.00000	0	0.00000	2537	0.00128	5677	0.00129
Enterobacter hormaechei	158836	S	0	0.00000	0	0.00000	0	0.00000	0	0.00000	0	0.00000	0	0.00000	0	0.00000	0	0.00000	12	0.00000	15	0.00001	0	0.00000	0	0.00000	0	0.00000	575	0.00072	0	0.00000	0	0.00000	0	0.00000	142	0.00007	344	0.00008
Methylovulum psychrotolerans	1704499	S	0	0.00000	0	0.00000	0	0.00000	0	0.00000	0	0.00000	0	0.00000	0	0.00000	0	0.00000	96	0.00002	173	0.00006	0	0.00000	0	0.00000	0	0.00000	54	0.00007	0	0.00000	0	0.00000	0	0.00000	17	0.00001	35	0.00001
Pseudomonas fluorescens	294	S	0	0.00000	0	0.00000	0	0.00000	0	0.00000	0	0.00000	0	0.00000	342	0.00011	10	0.00000	0	0.00000	0	0.00000	0	0.00000	0	0.00000	0	0.00000	327	0.00041	0	0.00000	0	0.00000	0	0.00000	0	0.00000	0	0.00000
Lactobacillus paracollinoides	240427	S	0	0.00000	0	0.00000	0	0.00000	69	0.00012	34	0.00005	0	0.00000	13	0.00000	0	0.00000	147	0.00003	29	0.00001	0	0.00000	0	0.00000	0	0.00000	129	0.00016	0	0.00000	0	0.00000	0	0.00000	33	0.00002	30	0.00001
Bifidobacterium adolescentis	1680	S	0	0.00000	0	0.00000	0	0.00000	0	0.00000	0	0.00000	0	0.00000	0	0.00000	0	0.00000	0	0.00000	0	0.00000	0	0.00000	0	0.00000	0	0.00000	0	0.00000	26	0.00034	0	0.00000	0	0.00000	0	0.00000	0	0.00000
Proteus vulgaris	585	S	0	0.00000	0	0.00000	0	0.00000	0	0.00000	0	0.00000	0	0.00000	89	0.00003	0	0.00000	0	0.00000	0	0.00000	0	0.00000	0	0.00000	0	0.00000	0	0.00000	0	0.00000	0	0.00000	0	0.00000	0	0.00000	0	0.00000
Pectobacterium atrosepticum	29471	S	0	0.00000	0	0.00000	0	0.00000	0	0.00000	0	0.00000	0	0.00000	0	0.00000	0	0.00000	12	0.00000	36	0.00001	0	0.00000	0	0.00000	0	0.00000	0	0.00000	0	0.00000	0	0.00000	0	0.00000	22	0.00001	41	0.00001
Corynebacterium resistens	258224	S	0	0.00000	0	0.00000	0	0.00000	0	0.00000	0	0.00000	0	0.00000	33	0.00001	0	0.00000	0	0.00000	0	0.00000	0	0.00000	0	0.00000	0	0.00000	0	0.00000	0	0.00000	0	0.00000	0	0.00000	0	0.00000	0	0.00000
Pantoea agglomerans	549	S	0	0.00000	0	0.00000	13	0.00004	0	0.00000	0	0.00000	0	0.00000	0	0.00000	0	0.00000	0	0.00000	0	0.00000	0	0.00000	0	0.00000	62	0.00003	1437	0.00179	0	0.00000	0	0.00000	0	0.00000	109	0.00005	595	0.00014
Lactococcus phage P162	1476889	S	0	0.00000	0	0.00000	0	0.00000	0	0.00000	0	0.00000	0	0.00000	0	0.00000	0	0.00000	0	0.00000	0	0.00000	0	0.00000	0	0.00000	0	0.00000	0	0.00000	0	0.00000	0	0.00000	0	0.00000	0	0.00000	19	0.00000
Lactobacillus coryniformis	1610	S	0	0.00000	0	0.00000	0	0.00000	145	0.00025	197	0.00029	126	0.00017	296	0.00009	25	0.00000	1400	0.00031	341	0.00013	0	0.00000	0	0.00000	0	0.00000	240	0.00030	0	0.00000	0	0.00000	0	0.00000	0	0.00000	0	0.00000
Dietzia timorensis	499555	S	11	0.00003	0	0.00000	0	0.00000	0	0.00000	0	0.00000	0	0.00000	0	0.00000	0	0.00000	0	0.00000	0	0.00000	0	0.00000	31	0.00001	23	0.00001	0	0.00000	0	0.00000	0	0.00000	0	0.00000	0	0.00000	0	0.00000
Acinetobacter sp. ACNIH2	1758189	S	0	0.00000	0	0.00000	0	0.00000	0	0.00000	0	0.00000	0	0.00000	0	0.00000	0	0.00000	60	0.00001	131	0.00005	0	0.00000	0	0.00000	0	0.00000	19	0.00002	0	0.00000	0	0.00000	0	0.00000	56	0.00003	140	0.00003
Acinetobacter sp. ACNIH1	1636603	S	0	0.00000	0	0.00000	0	0.00000	0	0.00000	0	0.00000	0	0.00000	0	0.00000	0	0.00000	78	0.00002	95	0.00004	0	0.00000	0	0.00000	0	0.00000	39	0.00005	0	0.00000	0	0.00000	0	0.00000	82	0.00004	189	0.00004
Leuconostoc citreum	33964	S	41	0.00012	1038	0.00179	4052	0.01317	13	0.00002	27	0.00004	33	0.00004	10	0.00000	42830	0.00447	19468	0.00428	23581	0.00871	0	0.00000	0	0.00000	0	0.00000	0	0.00000	0	0.00000	0	0.00000	0	0.00000	17	0.00001	22	0.00001
Citrobacter sp. FDAARGOS_156	1702170	S	0	0.00000	0	0.00000	0	0.00000	0	0.00000	0	0.00000	0	0.00000	0	0.00000	0	0.00000	12	0.00000	28	0.00001	0	0.00000	0	0.00000	0	0.00000	0	0.00000	0	0.00000	0	0.00000	0	0.00000	10	0.00001	27	0.00001
Enterobacter cloacae complex sp.	2027919	S	0	0.00000	0	0.00000	0	0.00000	0	0.00000	0	0.00000	0	0.00000	0	0.00000	0	0.00000	0	0.00000	0	0.00000	0	0.00000	0	0.00000	0	0.00000	0	0.00000	0	0.00000	0	0.00000	0	0.00000	0	0.00000	14	0.00000
Pediococcus claussenii	187452	S	0	0.00000	0	0.00000	0	0.00000	12	0.00002	31	0.00005	0	0.00000	214	0.00007	0	0.00000	539	0.00012	202	0.00007	0	0.00000	0	0.00000	0	0.00000	390	0.00049	0	0.00000	0	0.00000	0	0.00000	287	0.00014	14	0.00000
Marinobacter hydrocarbonoclasticus	2743	S	0	0.00000	0	0.00000	0	0.00000	0	0.00000	0	0.00000	0	0.00000	16	0.00001	0	0.00000	0	0.00000	0	0.00000	0	0.00000	0	0.00000	0	0.00000	0	0.00000	0	0.00000	0	0.00000	0	0.00000	0	0.00000	0	0.00000
Enterobacter asburiae	61645	S	0	0.00000	0	0.00000	0	0.00000	0	0.00000	0	0.00000	0	0.00000	0	0.00000	0	0.00000	0	0.00000	0	0.00000	0	0.00000	0	0.00000	0	0.00000	33	0.00004	0	0.00000	0	0.00000	0	0.00000	0	0.00000	10	0.00000
Advenella kashmirensis	310575	S	0	0.00000	0	0.00000	0	0.00000	0	0.00000	0	0.00000	0	0.00000	0	0.00000	0	0.00000	0	0.00000	0	0.00000	58	0.00008	11	0.00001	244	0.00013	256	0.00032	0	0.00000	0	0.00000	0	0.00000	0	0.00000	0	0.00000
Pseudomonas stutzeri	316	S	0	0.00000	0	0.00000	0	0.00000	0	0.00000	0	0.00000	0	0.00000	31	0.00001	0	0.00000	0	0.00000	0	0.00000	0	0.00000	0	0.00000	0	0.00000	13	0.00002	0	0.00000	0	0.00000	0	0.00000	0	0.00000	0	0.00000
Hafnia alvei	569	S	0	0.00000	0	0.00000	0	0.00000	0	0.00000	0	0.00000	0	0.00000	0	0.00000	0	0.00000	69	0.00002	102	0.00004	0	0.00000	0	0.00000	0	0.00000	0	0.00000	0	0.00000	0	0.00000	0	0.00000	774	0.00039	1487	0.00034
Corynebacterium ammoniagenes	1697	S	0	0.00000	0	0.00000	0	0.00000	0	0.00000	0	0.00000	0	0.00000	177	0.00006	0	0.00000	0	0.00000	0	0.00000	0	0.00000	0	0.00000	0	0.00000	0	0.00000	0	0.00000	0	0.00000	0	0.00000	0	0.00000	0	0.00000
Acinetobacter sp. WCHA45	2004644	S	0	0.00000	0	0.00000	0	0.00000	0	0.00000	0	0.00000	0	0.00000	0	0.00000	0	0.00000	0	0.00000	12	0.00000	0	0.00000	0	0.00000	0	0.00000	0	0.00000	0	0.00000	0	0.00000	0	0.00000	10	0.00001	20	0.00000
Tessaracoccus sp. Marseille-P5995	2161816	S	0	0.00000	14	0.00002	0	0.00000	0	0.00000	0	0.00000	0	0.00000	0	0.00000	0	0.00000	10	0.00000	0	0.00000	10	0.00001	0	0.00000	0	0.00000	0	0.00000	0	0.00000	0	0.00000	0	0.00000	0	0.00000	0	0.00000
Lelliottia sp. WB101	2153385	S	0	0.00000	0	0.00000	0	0.00000	0	0.00000	0	0.00000	0	0.00000	0	0.00000	0	0.00000	88	0.00002	213	0.00008	0	0.00000	0	0.00000	0	0.00000	0	0.00000	0	0.00000	0	0.00000	0	0.00000	253	0.00013	980	0.00022
Staphylococcus simulans	1286	S	165	0.00048	113	0.00019	109	0.00035	133	0.00023	100	0.00015	221	0.00029	44	0.00001	23	0.00000	2381	0.00052	2059	0.00076	0	0.00000	0	0.00000	0	0.00000	15	0.00002	14	0.00018	84	0.00012	14	0.00002	22	0.00001	51	0.00001
Enterococcus gilvus	160453	S	0	0.00000	0	0.00000	0	0.00000	0	0.00000	0	0.00000	0	0.00000	95	0.00003	0	0.00000	14442	0.00318	7206	0.00266	0	0.00000	0	0.00000	820	0.00044	5095	0.00636	0	0.00000	0	0.00000	0	0.00000	1855	0.00093	1983	0.00045
Corynebacterium callunae	1721	S	72	0.00021	11	0.00002	0	0.00000	0	0.00000	0	0.00000	0	0.00000	20	0.00001	0	0.00000	0	0.00000	0	0.00000	27	0.00004	26	0.00001	50	0.00003	0	0.00000	0	0.00000	36	0.00005	0	0.00000	0	0.00000	0	0.00000
Corynebacterium humireducens	1223514	S	0	0.00000	0	0.00000	0	0.00000	0	0.00000	0	0.00000	0	0.00000	128	0.00004	0	0.00000	0	0.00000	0	0.00000	0	0.00000	0	0.00000	0	0.00000	0	0.00000	0	0.00000	0	0.00000	0	0.00000	0	0.00000	0	0.00000
Marinobacter sp. CP1	1671721	S	0	0.00000	0	0.00000	0	0.00000	0	0.00000	0	0.00000	12	0.00002	106	0.00003	0	0.00000	0	0.00000	0	0.00000	0	0.00000	0	0.00000	0	0.00000	0	0.00000	0	0.00000	0	0.00000	0	0.00000	0	0.00000	0	0.00000
Corynebacterium deserti	1408191	S	0	0.00000	0	0.00000	0	0.00000	0	0.00000	0	0.00000	0	0.00000	0	0.00000	0	0.00000	226	0.00005	297	0.00011	0	0.00000	0	0.00000	0	0.00000	0	0.00000	0	0.00000	0	0.00000	0	0.00000	0	0.00000	0	0.00000
Salinibacter ruber	146919	S	0	0.00000	0	0.00000	0	0.00000	0	0.00000	0	0.00000	14	0.00002	0	0.00000	0	0.00000	0	0.00000	0	0.00000	0	0.00000	0	0.00000	0	0.00000	0	0.00000	0	0.00000	0	0.00000	0	0.00000	0	0.00000	0	0.00000
Jeotgalibaca sp. PTS2502	1903686	S	0	0.00000	0	0.00000	0	0.00000	0	0.00000	0	0.00000	0	0.00000	113	0.00004	0	0.00000	0	0.00000	0	0.00000	0	0.00000	0	0.00000	0	0.00000	14	0.00002	0	0.00000	0	0.00000	0	0.00000	0	0.00000	0	0.00000
Flavobacterium johnsoniae	986	S	0	0.00000	0	0.00000	0	0.00000	0	0.00000	0	0.00000	0	0.00000	0	0.00000	0	0.00000	0	0.00000	0	0.00000	0	0.00000	0	0.00000	0	0.00000	0	0.00000	0	0.00000	0	0.00000	0	0.00000	41	0.00002	340	0.00008
Pseudomonas koreensis	198620	S	0	0.00000	0	0.00000	0	0.00000	0	0.00000	0	0.00000	0	0.00000	33	0.00001	0	0.00000	0	0.00000	0	0.00000	0	0.00000	0	0.00000	0	0.00000	0	0.00000	0	0.00000	0	0.00000	0	0.00000	0	0.00000	0	0.00000
Lactococcus phage 50101	1871681	S	0	0.00000	11	0.00002	0	0.00000	0	0.00000	18	0.00003	13	0.00002	0	0.00000	0	0.00000	298	0.00007	110	0.00004	0	0.00000	0	0.00000	0	0.00000	32	0.00004	0	0.00000	0	0.00000	0	0.00000	87	0.00004	141	0.00003
Citrobacter werkmanii	67827	S	0	0.00000	0	0.00000	0	0.00000	0	0.00000	0	0.00000	0	0.00000	0	0.00000	0	0.00000	26	0.00001	35	0.00001	0	0.00000	0	0.00000	0	0.00000	0	0.00000	0	0.00000	0	0.00000	0	0.00000	0	0.00000	19	0.00000
Enterococcus durans	53345	S	0	0.00000	0	0.00000	0	0.00000	551	0.00096	2544	0.00378	1513	0.00200	7500	0.00240	0	0.00000	3417	0.00075	3272	0.00121	0	0.00000	0	0.00000	0	0.00000	224	0.00028	0	0.00000	0	0.00000	0	0.00000	1762	0.00089	1952	0.00044
Microbacterium sp. No. 7	1714373	S	0	0.00000	0	0.00000	0	0.00000	0	0.00000	0	0.00000	0	0.00000	15	0.00000	0	0.00000	0	0.00000	0	0.00000	0	0.00000	0	0.00000	0	0.00000	0	0.00000	16	0.00021	191	0.00026	0	0.00000	30	0.00002	0	0.00000
Serratia liquefaciens	614	S	0	0.00000	0	0.00000	0	0.00000	0	0.00000	0	0.00000	0	0.00000	0	0.00000	147	0.00002	0	0.00000	31	0.00001	0	0.00000	0	0.00000	10	0.00001	493	0.00062	0	0.00000	0	0.00000	0	0.00000	208	0.00010	784	0.00018
Lactococcus phage 1706	475178	S	0	0.00000	0	0.00000	0	0.00000	0	0.00000	0	0.00000	0	0.00000	0	0.00000	0	0.00000	103	0.00002	319	0.00012	0	0.00000	0	0.00000	0	0.00000	0	0.00000	0	0.00000	0	0.00000	0	0.00000	1265	0.00064	9404	0.00214
Chryseobacterium taklimakanense	536441	S	0	0.00000	0	0.00000	0	0.00000	0	0.00000	0	0.00000	0	0.00000	0	0.00000	0	0.00000	0	0.00000	0	0.00000	0	0.00000	0	0.00000	0	0.00000	0	0.00000	0	0.00000	0	0.00000	0	0.00000	0	0.00000	10	0.00000
Corynebacterium flavescens	28028	S	0	0.00000	0	0.00000	0	0.00000	0	0.00000	0	0.00000	0	0.00000	5104	0.00163	0	0.00000	3868	0.00085	51	0.00002	0	0.00000	0	0.00000	0	0.00000	249	0.00031	0	0.00000	0	0.00000	0	0.00000	0	0.00000	0	0.00000
Acinetobacter schindleri	108981	S	0	0.00000	0	0.00000	0	0.00000	0	0.00000	0	0.00000	0	0.00000	0	0.00000	0	0.00000	24	0.00001	23	0.00001	0	0.00000	0	0.00000	0	0.00000	0	0.00000	0	0.00000	0	0.00000	0	0.00000	11	0.00001	13	0.00000
Morganella morganii	582	S	0	0.00000	0	0.00000	0	0.00000	0	0.00000	0	0.00000	0	0.00000	126	0.00004	0	0.00000	0	0.00000	0	0.00000	0	0.00000	0	0.00000	0	0.00000	0	0.00000	0	0.00000	0	0.00000	0	0.00000	0	0.00000	0	0.00000
Arsenicicoccus sp. oral taxon 190	1658671	S	0	0.00000	0	0.00000	0	0.00000	0	0.00000	12	0.00002	12	0.00002	0	0.00000	0	0.00000	0	0.00000	0	0.00000	0	0.00000	14	0.00001	28	0.00001	0	0.00000	0	0.00000	0	0.00000	0	0.00000	0	0.00000	0	0.00000
Lactobacillus zymae	267363	S	0	0.00000	0	0.00000	0	0.00000	0	0.00000	0	0.00000	0	0.00000	0	0.00000	0	0.00000	10	0.00000	0	0.00000	0	0.00000	0	0.00000	0	0.00000	0	0.00000	0	0.00000	0	0.00000	0	0.00000	0	0.00000	0	0.00000
Corynebacterium doosanense	1121358	S	1186	0.00346	921	0.00159	74	0.00024	47	0.00008	154	0.00023	219	0.00029	16098	0.00515	377	0.00004	232	0.00005	10	0.00000	2047	0.00287	3929	0.00180	3997	0.00213	476	0.00059	61	0.00080	2026	0.00280	121	0.00017	141	0.00007	171	0.00004
Salmonella enterica	28901	S	0	0.00000	0	0.00000	0	0.00000	0	0.00000	0	0.00000	0	0.00000	0	0.00000	0	0.00000	0	0.00000	14	0.00001	0	0.00000	0	0.00000	0	0.00000	82	0.00010	0	0.00000	0	0.00000	0	0.00000	13	0.00001	29	0.00001
Dietzia lutea	546160	S	0	0.00000	0	0.00000	0	0.00000	15	0.00003	12	0.00002	24	0.00003	0	0.00000	0	0.00000	0	0.00000	0	0.00000	0	0.00000	0	0.00000	0	0.00000	0	0.00000	0	0.00000	0	0.00000	0	0.00000	0	0.00000	0	0.00000
Cutibacterium avidum	33010	S	0	0.00000	0	0.00000	0	0.00000	0	0.00000	0	0.00000	0	0.00000	0	0.00000	0	0.00000	0	0.00000	12	0.00000	0	0.00000	0	0.00000	0	0.00000	0	0.00000	0	0.00000	0	0.00000	0	0.00000	0	0.00000	0	0.00000
Staphylococcus kloosii	29384	S	0	0.00000	0	0.00000	0	0.00000	15	0.00003	88	0.00013	88	0.00012	0	0.00000	0	0.00000	76	0.00002	99	0.00004	0	0.00000	0	0.00000	0	0.00000	0	0.00000	0	0.00000	0	0.00000	0	0.00000	0	0.00000	0	0.00000
Corynebacterium glyciniphilum	1404244	S	0	0.00000	21	0.00004	0	0.00000	230	0.00040	4582	0.00682	10	0.00001	94	0.00003	18	0.00000	48	0.00001	0	0.00000	0	0.00000	19	0.00001	34	0.00002	75	0.00009	0	0.00000	0	0.00000	0	0.00000	0	0.00000	0	0.00000
Lactococcus phage Tuc2009	35241	S	0	0.00000	97	0.00017	95	0.00031	0	0.00000	0	0.00000	0	0.00000	14	0.00000	0	0.00000	85	0.00002	188	0.00007	0	0.00000	0	0.00000	0	0.00000	83	0.00010	0	0.00000	0	0.00000	0	0.00000	271	0.00014	307	0.00007
Chromohalobacter salexigens	158080	S	0	0.00000	0	0.00000	0	0.00000	32	0.00006	0	0.00000	0	0.00000	0	0.00000	0	0.00000	0	0.00000	0	0.00000	0	0.00000	0	0.00000	0	0.00000	0	0.00000	0	0.00000	0	0.00000	0	0.00000	0	0.00000	0	0.00000
Leuconostoc garlicum	255248	S	0	0.00000	0	0.00000	0	0.00000	0	0.00000	0	0.00000	0	0.00000	197	0.00006	1213	0.00013	21	0.00000	38	0.00001	0	0.00000	0	0.00000	0	0.00000	0	0.00000	0	0.00000	0	0.00000	0	0.00000	0	0.00000	0	0.00000
Pseudomonas mucidolens	46679	S	0	0.00000	0	0.00000	0	0.00000	0	0.00000	0	0.00000	0	0.00000	0	0.00000	105	0.00001	0	0.00000	0	0.00000	0	0.00000	457	0.00021	9264	0.00493	36	0.00004	0	0.00000	0	0.00000	0	0.00000	0	0.00000	0	0.00000
Vagococcus teuberi	519472	S	0	0.00000	0	0.00000	0	0.00000	0	0.00000	0	0.00000	0	0.00000	0	0.00000	0	0.00000	43	0.00001	67	0.00002	0	0.00000	0	0.00000	0	0.00000	122	0.00015	0	0.00000	0	0.00000	0	0.00000	11	0.00001	84	0.00002
Lactococcus phage BM13	1229751	S	0	0.00000	0	0.00000	0	0.00000	0	0.00000	0	0.00000	0	0.00000	0	0.00000	0	0.00000	16	0.00000	23	0.00001	0	0.00000	0	0.00000	0	0.00000	22	0.00003	0	0.00000	0	0.00000	0	0.00000	0	0.00000	15	0.00000
Kocuria sp. BT304	1702043	S	0	0.00000	0	0.00000	0	0.00000	48	0.00008	23	0.00003	50	0.00007	0	0.00000	0	0.00000	79	0.00002	0	0.00000	0	0.00000	0	0.00000	0	0.00000	0	0.00000	0	0.00000	98	0.00014	0	0.00000	0	0.00000	0	0.00000
Pluralibacter gergoviae	61647	S	0	0.00000	0	0.00000	0	0.00000	0	0.00000	0	0.00000	0	0.00000	0	0.00000	0	0.00000	0	0.00000	18	0.00001	0	0.00000	0	0.00000	0	0.00000	0	0.00000	0	0.00000	0	0.00000	0	0.00000	0	0.00000	11	0.00000
Lactobacillus sp. CBA3605	2099788	S	0	0.00000	0	0.00000	0	0.00000	0	0.00000	0	0.00000	17	0.00002	26	0.00001	0	0.00000	0	0.00000	0	0.00000	0	0.00000	0	0.00000	0	0.00000	0	0.00000	0	0.00000	0	0.00000	0	0.00000	0	0.00000	0	0.00000
Streptococcus uberis	1349	S	0	0.00000	31	0.00005	106	0.00034	0	0.00000	0	0.00000	0	0.00000	25	0.00001	17	0.00000	165	0.00004	345	0.00013	0	0.00000	0	0.00000	0	0.00000	0	0.00000	0	0.00000	0	0.00000	0	0.00000	0	0.00000	0	0.00000
Klebsiella quasivariicola	2026240	S	0	0.00000	0	0.00000	0	0.00000	0	0.00000	0	0.00000	0	0.00000	0	0.00000	0	0.00000	0	0.00000	0	0.00000	0	0.00000	0	0.00000	0	0.00000	15	0.00002	0	0.00000	0	0.00000	0	0.00000	0	0.00000	0	0.00000
Actinomyces radicidentis	111015	S	0	0.00000	0	0.00000	0	0.00000	0	0.00000	0	0.00000	0	0.00000	0	0.00000	0	0.00000	10	0.00000	0	0.00000	0	0.00000	0	0.00000	0	0.00000	19	0.00002	0	0.00000	0	0.00000	0	0.00000	0	0.00000	0	0.00000
Stenotrophomonas rhizophila	216778	S	0	0.00000	0	0.00000	0	0.00000	0	0.00000	0	0.00000	0	0.00000	0	0.00000	0	0.00000	0	0.00000	0	0.00000	0	0.00000	0	0.00000	12	0.00001	0	0.00000	0	0.00000	0	0.00000	0	0.00000	0	0.00000	0	0.00000
Staphylococcus saprophyticus	29385	S	956	0.00279	1416	0.00244	1097	0.00357	4854	0.00845	6465	0.00962	8655	0.01145	818	0.00026	6411	0.00067	705287	0.15509	563810	0.20830	296	0.00042	94	0.00004	195	0.00010	2224	0.00278	308	0.00406	4398	0.00607	620	0.00089	6131	0.00308	9558	0.00218
Citrobacter braakii	57706	S	0	0.00000	0	0.00000	0	0.00000	0	0.00000	0	0.00000	0	0.00000	0	0.00000	0	0.00000	88	0.00002	55	0.00002	0	0.00000	0	0.00000	0	0.00000	39	0.00005	0	0.00000	0	0.00000	0	0.00000	57	0.00003	133	0.00003
Stenotrophomonas maltophilia	40324	S	0	0.00000	0	0.00000	0	0.00000	0	0.00000	0	0.00000	0	0.00000	368	0.00012	20	0.00000	0	0.00000	0	0.00000	0	0.00000	0	0.00000	0	0.00000	133	0.00017	0	0.00000	0	0.00000	0	0.00000	13	0.00001	23	0.00001
Pediococcus acidilactici	1254	S	22	0.00006	69	0.00012	34	0.00011	16	0.00003	33	0.00005	35	0.00005	14	0.00000	0	0.00000	23	0.00001	0	0.00000	0	0.00000	0	0.00000	0	0.00000	0	0.00000	0	0.00000	13	0.00002	0	0.00000	16	0.00001	0	0.00000
Providencia alcalifaciens	126385	S	0	0.00000	0	0.00000	0	0.00000	0	0.00000	0	0.00000	0	0.00000	300	0.00010	0	0.00000	0	0.00000	0	0.00000	0	0.00000	0	0.00000	0	0.00000	0	0.00000	0	0.00000	0	0.00000	0	0.00000	0	0.00000	0	0.00000
Lactobacillus alimentarius	1602	S	0	0.00000	0	0.00000	0	0.00000	19	0.00003	14	0.00002	15	0.00002	0	0.00000	0	0.00000	0	0.00000	0	0.00000	0	0.00000	0	0.00000	0	0.00000	0	0.00000	0	0.00000	0	0.00000	0	0.00000	0	0.00000	0	0.00000
Leuconostoc sp. C2	979982	S	0	0.00000	0	0.00000	14	0.00005	0	0.00000	0	0.00000	0	0.00000	0	0.00000	17	0.00000	0	0.00000	0	0.00000	0	0.00000	0	0.00000	0	0.00000	0	0.00000	0	0.00000	0	0.00000	0	0.00000	0	0.00000	0	0.00000
Corynebacterium marinum	349751	S	0	0.00000	0	0.00000	0	0.00000	0	0.00000	25	0.00004	11	0.00001	56	0.00002	0	0.00000	96	0.00002	0	0.00000	0	0.00000	0	0.00000	0	0.00000	0	0.00000	0	0.00000	0	0.00000	0	0.00000	0	0.00000	0	0.00000
Streptococcus suis	1307	S	0	0.00000	0	0.00000	12	0.00004	0	0.00000	10	0.00001	0	0.00000	0	0.00000	0	0.00000	0	0.00000	12	0.00000	0	0.00000	0	0.00000	0	0.00000	0	0.00000	0	0.00000	0	0.00000	0	0.00000	0	0.00000	0	0.00000
Halomonas sp. GT	1971364	S	0	0.00000	0	0.00000	0	0.00000	0	0.00000	0	0.00000	10	0.00001	893	0.00029	0	0.00000	0	0.00000	0	0.00000	0	0.00000	0	0.00000	0	0.00000	0	0.00000	0	0.00000	0	0.00000	0	0.00000	0	0.00000	0	0.00000
Jeotgalibaca dankookensis	708126	S	0	0.00000	0	0.00000	0	0.00000	0	0.00000	148	0.00022	91	0.00012	382	0.00012	0	0.00000	13	0.00000	0	0.00000	0	0.00000	0	0.00000	0	0.00000	0	0.00000	0	0.00000	0	0.00000	0	0.00000	0	0.00000	0	0.00000
Raoultella planticola	575	S	0	0.00000	0	0.00000	0	0.00000	0	0.00000	0	0.00000	0	0.00000	0	0.00000	0	0.00000	0	0.00000	0	0.00000	0	0.00000	0	0.00000	0	0.00000	197	0.00025	0	0.00000	0	0.00000	0	0.00000	18	0.00001	69	0.00002
Anaerococcus prevotii	33034	S	0	0.00000	0	0.00000	0	0.00000	0	0.00000	0	0.00000	0	0.00000	0	0.00000	0	0.00000	0	0.00000	17	0.00001	0	0.00000	0	0.00000	0	0.00000	28	0.00003	0	0.00000	0	0.00000	0	0.00000	0	0.00000	0	0.00000
Streptococcus virus 9874	1814960	S	0	0.00000	11	0.00002	16	0.00005	0	0.00000	0	0.00000	0	0.00000	0	0.00000	0	0.00000	0	0.00000	0	0.00000	0	0.00000	0	0.00000	0	0.00000	0	0.00000	0	0.00000	0	0.00000	0	0.00000	0	0.00000	0	0.00000
Arthrobacter sp. PAMC 25486	1494608	S	0	0.00000	0	0.00000	0	0.00000	0	0.00000	0	0.00000	0	0.00000	0	0.00000	0	0.00000	0	0.00000	0	0.00000	0	0.00000	0	0.00000	31	0.00002	0	0.00000	0	0.00000	0	0.00000	0	0.00000	0	0.00000	0	0.00000
Leuconostoc kimchii	136609	S	0	0.00000	0	0.00000	28	0.00009	0	0.00000	0	0.00000	0	0.00000	0	0.00000	274	0.00003	122	0.00003	117	0.00004	0	0.00000	0	0.00000	0	0.00000	0	0.00000	0	0.00000	0	0.00000	0	0.00000	0	0.00000	0	0.00000
Staphylococcus phage phiRS7	1403390	S	0	0.00000	32	0.00006	16	0.00005	13	0.00002	13	0.00002	20	0.00003	0	0.00000	0	0.00000	248	0.00005	287	0.00011	0	0.00000	0	0.00000	0	0.00000	0	0.00000	0	0.00000	0	0.00000	0	0.00000	0	0.00000	0	0.00000
Lactobacillus helveticus	1587	S	0	0.00000	0	0.00000	0	0.00000	45	0.00008	28	0.00004	39	0.00005	178	0.00006	0	0.00000	223	0.00005	83	0.00003	0	0.00000	0	0.00000	0	0.00000	49	0.00006	0	0.00000	0	0.00000	0	0.00000	17	0.00001	0	0.00000
Shigella dysenteriae	622	S	0	0.00000	0	0.00000	0	0.00000	0	0.00000	0	0.00000	0	0.00000	0	0.00000	0	0.00000	0	0.00000	10	0.00000	0	0.00000	0	0.00000	0	0.00000	0	0.00000	0	0.00000	0	0.00000	0	0.00000	0	0.00000	0	0.00000
Escherichia coli	562	S	0	0.00000	0	0.00000	0	0.00000	0	0.00000	0	0.00000	0	0.00000	0	0.00000	235	0.00002	81	0.00002	145	0.00005	0	0.00000	0	0.00000	0	0.00000	331	0.00041	0	0.00000	0	0.00000	0	0.00000	79	0.00004	186	0.00004
Carnobacterium inhibens	147709	S	0	0.00000	0	0.00000	0	0.00000	0	0.00000	0	0.00000	0	0.00000	68	0.00002	0	0.00000	21	0.00000	14	0.00001	0	0.00000	0	0.00000	0	0.00000	0	0.00000	0	0.00000	0	0.00000	0	0.00000	89	0.00004	93	0.00002
Staphylococcus haemolyticus	1283	S	19	0.00006	19	0.00003	21	0.00007	20	0.00003	25	0.00004	29	0.00004	0	0.00000	16	0.00000	31	0.00001	35	0.00001	0	0.00000	0	0.00000	0	0.00000	0	0.00000	0	0.00000	0	0.00000	0	0.00000	0	0.00000	0	0.00000
Acinetobacter sp. SWBY1	2079596	S	0	0.00000	0	0.00000	0	0.00000	0	0.00000	0	0.00000	0	0.00000	0	0.00000	0	0.00000	0	0.00000	0	0.00000	0	0.00000	0	0.00000	0	0.00000	0	0.00000	0	0.00000	0	0.00000	0	0.00000	0	0.00000	13	0.00000
Tessaracoccus flavescens	399497	S	0	0.00000	0	0.00000	0	0.00000	10	0.00002	0	0.00000	0	0.00000	0	0.00000	0	0.00000	0	0.00000	0	0.00000	20	0.00003	17	0.00001	15	0.00001	0	0.00000	0	0.00000	0	0.00000	0	0.00000	0	0.00000	0	0.00000
Hafnia sp. CBA7124	1848580	S	0	0.00000	0	0.00000	0	0.00000	0	0.00000	0	0.00000	0	0.00000	0	0.00000	0	0.00000	0	0.00000	12	0.00000	0	0.00000	0	0.00000	0	0.00000	0	0.00000	0	0.00000	0	0.00000	0	0.00000	158	0.00008	293	0.00007
Serratia marcescens	615	S	0	0.00000	0	0.00000	0	0.00000	0	0.00000	0	0.00000	0	0.00000	0	0.00000	0	0.00000	0	0.00000	0	0.00000	0	0.00000	0	0.00000	0	0.00000	46	0.00006	0	0.00000	0	0.00000	0	0.00000	0	0.00000	0	0.00000
Brachybacterium sp. P6-10-X1	1903186	S	143	0.00042	96	0.00017	14	0.00005	353	0.00061	549	0.00082	1012	0.00134	25	0.00001	10	0.00000	53	0.00001	0	0.00000	372	0.00052	1004	0.00046	453	0.00024	29	0.00004	15	0.00020	1581	0.00218	40	0.00006	0	0.00000	44	0.00001
Streptococcus sp. FDAARGOS_192	1839799	S	0	0.00000	0	0.00000	0	0.00000	0	0.00000	0	0.00000	0	0.00000	21	0.00001	0	0.00000	0	0.00000	0	0.00000	0	0.00000	0	0.00000	0	0.00000	0	0.00000	0	0.00000	0	0.00000	0	0.00000	0	0.00000	0	0.00000
Lactococcus virus Bibb29	494269	S	0	0.00000	0	0.00000	0	0.00000	0	0.00000	0	0.00000	0	0.00000	15	0.00000	0	0.00000	23	0.00001	37	0.00001	0	0.00000	0	0.00000	0	0.00000	183	0.00023	0	0.00000	0	0.00000	0	0.00000	0	0.00000	18	0.00000
Microbacterium chocolatum	84292	S	0	0.00000	0	0.00000	0	0.00000	0	0.00000	0	0.00000	0	0.00000	0	0.00000	10	0.00000	0	0.00000	0	0.00000	0	0.00000	0	0.00000	0	0.00000	0	0.00000	0	0.00000	0	0.00000	0	0.00000	0	0.00000	0	0.00000
Streptococcus salivarius	1304	S	0	0.00000	0	0.00000	0	0.00000	0	0.00000	0	0.00000	0	0.00000	21	0.00001	0	0.00000	13	0.00000	0	0.00000	0	0.00000	0	0.00000	0	0.00000	0	0.00000	0	0.00000	0	0.00000	0	0.00000	90	0.00005	150	0.00003
Enterobacter cloacae	550	S	0	0.00000	0	0.00000	0	0.00000	0	0.00000	0	0.00000	0	0.00000	0	0.00000	0	0.00000	35	0.00001	43	0.00002	0	0.00000	0	0.00000	0	0.00000	324	0.00040	0	0.00000	0	0.00000	0	0.00000	33	0.00002	99	0.00002
Acinetobacter defluvii	1871111	S	0	0.00000	0	0.00000	0	0.00000	0	0.00000	0	0.00000	0	0.00000	0	0.00000	0	0.00000	14	0.00000	22	0.00001	0	0.00000	0	0.00000	0	0.00000	16	0.00002	0	0.00000	0	0.00000	0	0.00000	0	0.00000	0	0.00000
Glutamicibacter arilaitensis	256701	S	552	0.00161	1743	0.00300	166	0.00054	1105	0.00192	942	0.00140	1394	0.00184	28013	0.00896	77	0.00001	107	0.00002	16	0.00001	2466	0.00346	2427	0.00111	1301	0.00069	151	0.00019	34	0.00045	2167	0.00299	71	0.00010	94	0.00005	172	0.00004
Lactococcus garvieae	1363	S	0	0.00000	0	0.00000	0	0.00000	0	0.00000	0	0.00000	0	0.00000	28	0.00001	0	0.00000	1735	0.00038	1850	0.00068	0	0.00000	0	0.00000	0	0.00000	22	0.00003	0	0.00000	0	0.00000	0	0.00000	478	0.00024	847	0.00019
Enterococcus faecium	1352	S	0	0.00000	45	0.00008	63	0.00020	1073	0.00187	2354	0.00350	5774	0.00764	28	0.00001	3237	0.00034	2518	0.00055	2803	0.00104	58	0.00008	25	0.00001	34	0.00002	1033	0.00129	24	0.00032	1271	0.00175	0	0.00000	162	0.00008	468	0.00011
Lactobacillus plantarum	1590	S	0	0.00000	0	0.00000	91	0.00030	3730	0.00649	5907	0.00879	5972	0.00790	6469	0.00207	1143	0.00012	51811	0.01139	11047	0.00408	0	0.00000	0	0.00000	0	0.00000	6346	0.00793	124	0.00164	0	0.00000	14	0.00002	1130	0.00057	517	0.00012
Streptococcus agalactiae	1311	S	0	0.00000	0	0.00000	0	0.00000	0	0.00000	0	0.00000	0	0.00000	0	0.00000	0	0.00000	33	0.00001	86	0.00003	0	0.00000	0	0.00000	0	0.00000	0	0.00000	0	0.00000	0	0.00000	0	0.00000	0	0.00000	36	0.00001
Leuconostoc mesenteroides	1245	S	2145	0.00626	3175	0.00547	8192	0.02663	5548	0.00966	16964	0.02524	18159	0.02402	690	0.00022	2617	0.00027	14823	0.00326	12783	0.00472	0	0.00000	0	0.00000	0	0.00000	54	0.00007	40	0.00053	0	0.00000	0	0.00000	1888	0.00095	1311	0.00030
Staphylococcus xylosus	1288	S	66	0.00019	416	0.00072	953	0.00310	207	0.00036	310	0.00046	549	0.00073	56	0.00002	1871	0.00020	3772	0.00083	1815	0.00067	48	0.00007	0	0.00000	51	0.00003	771	0.00096	14	0.00018	78	0.00011	0	0.00000	18	0.00001	19	0.00000
Pseudomonas fragi	296	S	0	0.00000	0	0.00000	0	0.00000	0	0.00000	0	0.00000	0	0.00000	11	0.00000	0	0.00000	0	0.00000	0	0.00000	0	0.00000	0	0.00000	0	0.00000	28	0.00003	0	0.00000	0	0.00000	0	0.00000	0	0.00000	0	0.00000
Lactobacillus backii	375175	S	20	0.00006	31	0.00005	117	0.00038	332	0.00058	641	0.00095	1021	0.00135	162	0.00005	0	0.00000	379	0.00008	120	0.00004	0	0.00000	0	0.00000	0	0.00000	241	0.00030	0	0.00000	0	0.00000	0	0.00000	282	0.00014	248	0.00006
Citrobacter amalonaticus	35703	S	0	0.00000	0	0.00000	0	0.00000	0	0.00000	0	0.00000	0	0.00000	0	0.00000	0	0.00000	0	0.00000	0	0.00000	0	0.00000	0	0.00000	0	0.00000	100	0.00012	0	0.00000	0	0.00000	0	0.00000	0	0.00000	0	0.00000
Arthrobacter alpinus	656366	S	0	0.00000	0	0.00000	0	0.00000	0	0.00000	0	0.00000	0	0.00000	0	0.00000	0	0.00000	0	0.00000	0	0.00000	271	0.00038	265	0.00012	17	0.00001	0	0.00000	0	0.00000	0	0.00000	0	0.00000	0	0.00000	0	0.00000
Halomonas sp. R57-5	1610576	S	0	0.00000	0	0.00000	0	0.00000	28	0.00005	12	0.00002	77	0.00010	468	0.00015	0	0.00000	0	0.00000	0	0.00000	0	0.00000	0	0.00000	0	0.00000	0	0.00000	0	0.00000	0	0.00000	0	0.00000	0	0.00000	0	0.00000
Psychrobacter sp. DAB_AL43B	1028416	S	0	0.00000	14	0.00002	0	0.00000	0	0.00000	0	0.00000	0	0.00000	0	0.00000	0	0.00000	0	0.00000	0	0.00000	0	0.00000	0	0.00000	0	0.00000	13	0.00002	0	0.00000	0	0.00000	0	0.00000	0	0.00000	0	0.00000
Acinetobacter bereziniae	106648	S	0	0.00000	0	0.00000	0	0.00000	0	0.00000	0	0.00000	0	0.00000	0	0.00000	0	0.00000	15	0.00000	49	0.00002	0	0.00000	0	0.00000	0	0.00000	59	0.00007	0	0.00000	0	0.00000	0	0.00000	13	0.00001	31	0.00001
Pseudomonas resinovorans	53412	S	0	0.00000	0	0.00000	0	0.00000	0	0.00000	0	0.00000	0	0.00000	22	0.00001	0	0.00000	0	0.00000	0	0.00000	0	0.00000	0	0.00000	0	0.00000	0	0.00000	0	0.00000	0	0.00000	0	0.00000	0	0.00000	0	0.00000
Leuconostoc carnosum	1252	S	39	0.00011	61	0.00011	257	0.00084	27	0.00005	69	0.00010	99	0.00013	15	0.00000	191	0.00002	39	0.00001	34	0.00001	0	0.00000	0	0.00000	0	0.00000	0	0.00000	0	0.00000	0	0.00000	0	0.00000	0	0.00000	0	0.00000
Lactococcus phage phiL47	1412875	S	0	0.00000	0	0.00000	22	0.00007	0	0.00000	0	0.00000	0	0.00000	0	0.00000	0	0.00000	43	0.00001	82	0.00003	0	0.00000	0	0.00000	0	0.00000	0	0.00000	0	0.00000	0	0.00000	0	0.00000	41	0.00002	180	0.00004
Lactococcus phage phi7	1262538	S	0	0.00000	0	0.00000	0	0.00000	0	0.00000	0	0.00000	0	0.00000	0	0.00000	0	0.00000	0	0.00000	0	0.00000	0	0.00000	0	0.00000	0	0.00000	19	0.00002	0	0.00000	0	0.00000	0	0.00000	0	0.00000	0	0.00000
Staphylococcus schleiferi	1295	S	0	0.00000	0	0.00000	0	0.00000	0	0.00000	78	0.00012	76	0.00010	0	0.00000	27	0.00000	0	0.00000	0	0.00000	0	0.00000	0	0.00000	0	0.00000	0	0.00000	0	0.00000	0	0.00000	0	0.00000	0	0.00000	0	0.00000
Corynebacterium testudinoris	136857	S	0	0.00000	0	0.00000	0	0.00000	0	0.00000	0	0.00000	0	0.00000	0	0.00000	0	0.00000	0	0.00000	0	0.00000	0	0.00000	0	0.00000	18	0.00001	0	0.00000	0	0.00000	0	0.00000	0	0.00000	0	0.00000	0	0.00000
Lactococcus lactis	1358	S	381	0.00111	153769	0.26500	133114	0.43277	92357	0.16075	218246	0.32466	205288	0.27152	492944	0.15774	9131280	0.95250	3033240	0.66698	1801382	0.66553	29	0.00004	0	0.00000	757	0.00040	207643	0.25933	2633	0.03473	292	0.00040	26	0.00004	1829790	0.92028	3924702	0.89470
Klebsiella variicola	244366	S	0	0.00000	0	0.00000	0	0.00000	0	0.00000	0	0.00000	0	0.00000	0	0.00000	0	0.00000	0	0.00000	0	0.00000	0	0.00000	0	0.00000	0	0.00000	0	0.00000	0	0.00000	0	0.00000	0	0.00000	23	0.00001	49	0.00001
Macrococcus caseolyticus	69966	S	10	0.00003	51	0.00009	45	0.00015	122	0.00021	273	0.00041	325	0.00043	0	0.00000	0	0.00000	8316	0.00183	5652	0.00209	0	0.00000	0	0.00000	0	0.00000	0	0.00000	0	0.00000	0	0.00000	0	0.00000	746	0.00038	1090	0.00025
Staphylococcus sciuri	1296	S	13	0.00004	176	0.00030	130	0.00042	658	0.00115	933	0.00139	1376	0.00182	29	0.00001	694	0.00007	75	0.00002	0	0.00000	20	0.00003	0	0.00000	0	0.00000	19	0.00002	0	0.00000	223	0.00031	0	0.00000	24	0.00001	53	0.00001
Lactobacillus paraplantarum	60520	S	0	0.00000	0	0.00000	139	0.00045	17560	0.03056	31154	0.04634	31215	0.04129	28593	0.00915	0	0.00000	2645	0.00058	2013	0.00074	0	0.00000	0	0.00000	16	0.00001	35608	0.04447	68	0.00090	17	0.00002	0	0.00000	1265	0.00064	226	0.00005
Psychrobacter sp. P11G5	1699624	S	0	0.00000	0	0.00000	0	0.00000	0	0.00000	0	0.00000	0	0.00000	0	0.00000	0	0.00000	0	0.00000	0	0.00000	0	0.00000	0	0.00000	0	0.00000	13	0.00002	0	0.00000	0	0.00000	0	0.00000	0	0.00000	0	0.00000
Nakamurella multipartita	53461	S	0	0.00000	0	0.00000	0	0.00000	0	0.00000	0	0.00000	0	0.00000	0	0.00000	0	0.00000	0	0.00000	0	0.00000	24	0.00003	55	0.00003	33	0.00002	0	0.00000	0	0.00000	0	0.00000	0	0.00000	0	0.00000	0	0.00000
Lactobacillus rhamnosus	47715	S	0	0.00000	0	0.00000	0	0.00000	178	0.00031	395	0.00059	392	0.00052	219	0.00007	0	0.00000	8204	0.00180	2018	0.00075	0	0.00000	0	0.00000	0	0.00000	273	0.00034	0	0.00000	0	0.00000	0	0.00000	0	0.00000	0	0.00000
Lactobacillus fermentum	1613	S	0	0.00000	123	0.00021	120	0.00039	224	0.00039	671	0.00100	585	0.00077	75	0.00002	15506	0.00162	8359	0.00184	3402	0.00126	0	0.00000	0	0.00000	0	0.00000	244	0.00030	0	0.00000	0	0.00000	0	0.00000	2896	0.00146	4583	0.00104
Pseudomonas protegens	380021	S	0	0.00000	0	0.00000	0	0.00000	0	0.00000	0	0.00000	0	0.00000	145	0.00005	0	0.00000	0	0.00000	0	0.00000	0	0.00000	0	0.00000	0	0.00000	0	0.00000	0	0.00000	0	0.00000	0	0.00000	0	0.00000	0	0.00000
Pseudomonas sp. MYb193	1827300	S	0	0.00000	0	0.00000	0	0.00000	0	0.00000	0	0.00000	0	0.00000	87	0.00003	0	0.00000	0	0.00000	0	0.00000	0	0.00000	0	0.00000	0	0.00000	0	0.00000	0	0.00000	0	0.00000	0	0.00000	0	0.00000	0	0.00000
Lactococcus phage TP901-1	35345	S	0	0.00000	322	0.00055	500	0.00163	0	0.00000	0	0.00000	0	0.00000	10	0.00000	0	0.00000	114	0.00003	55	0.00002	0	0.00000	0	0.00000	0	0.00000	153	0.00019	0	0.00000	0	0.00000	0	0.00000	179	0.00009	461	0.00011
Pandoraea norimbergensis	93219	S	0	0.00000	0	0.00000	0	0.00000	0	0.00000	0	0.00000	0	0.00000	21	0.00001	0	0.00000	0	0.00000	0	0.00000	0	0.00000	0	0.00000	0	0.00000	0	0.00000	0	0.00000	0	0.00000	0	0.00000	0	0.00000	0	0.00000
Acinetobacter sp. NCu2D-2	1608473	S	0	0.00000	0	0.00000	0	0.00000	0	0.00000	0	0.00000	0	0.00000	0	0.00000	0	0.00000	36	0.00001	38	0.00001	0	0.00000	0	0.00000	0	0.00000	0	0.00000	0	0.00000	0	0.00000	0	0.00000	24	0.00001	42	0.00001
Halomonas campaniensis	213554	S	0	0.00000	0	0.00000	0	0.00000	45	0.00008	0	0.00000	48	0.00006	8472	0.00271	0	0.00000	0	0.00000	0	0.00000	0	0.00000	0	0.00000	0	0.00000	0	0.00000	0	0.00000	0	0.00000	0	0.00000	0	0.00000	0	0.00000
Enterococcus hirae	1354	S	0	0.00000	0	0.00000	0	0.00000	0	0.00000	0	0.00000	0	0.00000	0	0.00000	30	0.00000	42	0.00001	46	0.00002	0	0.00000	0	0.00000	0	0.00000	0	0.00000	0	0.00000	0	0.00000	0	0.00000	0	0.00000	0	0.00000
Staphylococcus pasteuri	45972	S	0	0.00000	0	0.00000	0	0.00000	0	0.00000	0	0.00000	0	0.00000	13	0.00000	72	0.00001	18	0.00000	0	0.00000	0	0.00000	0	0.00000	0	0.00000	0	0.00000	0	0.00000	0	0.00000	0	0.00000	0	0.00000	0	0.00000
Aerococcus viridans	1377	S	0	0.00000	0	0.00000	0	0.00000	0	0.00000	82	0.00012	69	0.00009	74	0.00002	0	0.00000	121	0.00003	130	0.00005	0	0.00000	0	0.00000	0	0.00000	112	0.00014	0	0.00000	0	0.00000	0	0.00000	0	0.00000	0	0.00000
Lactobacillus hokkaidonensis	1193095	S	0	0.00000	0	0.00000	0	0.00000	0	0.00000	0	0.00000	0	0.00000	0	0.00000	0	0.00000	38	0.00001	17	0.00001	0	0.00000	0	0.00000	0	0.00000	0	0.00000	0	0.00000	0	0.00000	0	0.00000	0	0.00000	0	0.00000
Lelliottia amnigena	61646	S	0	0.00000	0	0.00000	0	0.00000	0	0.00000	0	0.00000	0	0.00000	0	0.00000	0	0.00000	0	0.00000	0	0.00000	0	0.00000	0	0.00000	0	0.00000	90306	0.11279	0	0.00000	0	0.00000	0	0.00000	0	0.00000	56	0.00001
Staphylococcus sp. AntiMn-1	1715860	S	213	0.00062	663	0.00114	384	0.00125	482	0.00084	864	0.00129	1200	0.00159	108	0.00003	582	0.00006	1703	0.00037	1137	0.00042	35	0.00005	13	0.00001	0	0.00000	20	0.00002	96	0.00127	553	0.00076	103	0.00015	45	0.00002	182	0.00004
Collinsella aerofaciens	74426	S	0	0.00000	0	0.00000	0	0.00000	0	0.00000	0	0.00000	0	0.00000	0	0.00000	0	0.00000	0	0.00000	0	0.00000	0	0.00000	0	0.00000	0	0.00000	0	0.00000	18	0.00024	0	0.00000	0	0.00000	0	0.00000	0	0.00000
Lactobacillus sp. D1501	2108362	S	0	0.00000	0	0.00000	0	0.00000	0	0.00000	0	0.00000	16	0.00002	0	0.00000	0	0.00000	197	0.00004	58	0.00002	0	0.00000	0	0.00000	0	0.00000	0	0.00000	0	0.00000	0	0.00000	0	0.00000	0	0.00000	0	0.00000
Lactococcus phage 949	881953	S	0	0.00000	14	0.00002	32	0.00010	0	0.00000	0	0.00000	0	0.00000	0	0.00000	0	0.00000	278	0.00006	435	0.00016	0	0.00000	0	0.00000	0	0.00000	0	0.00000	0	0.00000	0	0.00000	0	0.00000	166	0.00008	921	0.00021
Lactobacillus brevis	1580	S	18	0.00005	0	0.00000	2537	0.00825	1213	0.00211	2078	0.00309	2693	0.00356	1709	0.00055	0	0.00000	8577	0.00189	782	0.00029	14	0.00002	0	0.00000	19	0.00001	49232	0.06149	0	0.00000	0	0.00000	0	0.00000	13496	0.00679	8507	0.00194
Lactococcus phage ul36	114416	S	0	0.00000	0	0.00000	0	0.00000	0	0.00000	0	0.00000	0	0.00000	0	0.00000	241	0.00003	10	0.00000	0	0.00000	0	0.00000	0	0.00000	0	0.00000	743	0.00093	0	0.00000	0	0.00000	0	0.00000	123	0.00006	274	0.00006
Staphylococcus nepalensis	214473	S	424	0.00124	1336	0.00230	1089	0.00354	1675	0.00292	2533	0.00377	3203	0.00424	548	0.00018	2910	0.00030	1015	0.00022	822	0.00030	93	0.00013	21	0.00001	10	0.00001	49	0.00006	100	0.00132	889	0.00123	90	0.00013	103	0.00005	405	0.00009
Lactobacillus curvatus	28038	S	0	0.00000	0	0.00000	0	0.00000	14	0.00002	29	0.00004	22	0.00003	2803	0.00090	0	0.00000	123	0.00003	30	0.00001	0	0.00000	0	0.00000	0	0.00000	139	0.00017	0	0.00000	0	0.00000	0	0.00000	56	0.00003	30	0.00001
Streptococcus thermophilus	1308	S	0	0.00000	83	0.00014	100	0.00033	26	0.00005	52	0.00008	62	0.00008	90977	0.02911	45	0.00000	3954	0.00087	2062	0.00076	0	0.00000	0	0.00000	0	0.00000	2492	0.00311	0	0.00000	0	0.00000	0	0.00000	867	0.00044	1581	0.00036
Lactobacillus gallinarum	52242	S	0	0.00000	12	0.00002	22	0.00007	22	0.00004	77	0.00011	98	0.00013	0	0.00000	135	0.00001	107	0.00002	32	0.00001	0	0.00000	0	0.00000	0	0.00000	15	0.00002	0	0.00000	0	0.00000	0	0.00000	16	0.00001	15	0.00000
Raoultella ornithinolytica	54291	S	0	0.00000	0	0.00000	0	0.00000	0	0.00000	0	0.00000	0	0.00000	46	0.00001	68	0.00001	177	0.00004	233	0.00009	0	0.00000	0	0.00000	0	0.00000	54817	0.06846	0	0.00000	0	0.00000	0	0.00000	35	0.00002	149	0.00003
Staphylococcus argenteus	985002	S	0	0.00000	13	0.00002	20	0.00007	35	0.00006	30	0.00004	62	0.00008	30	0.00001	46	0.00000	0	0.00000	0	0.00000	0	0.00000	0	0.00000	0	0.00000	0	0.00000	0	0.00000	0	0.00000	0	0.00000	0	0.00000	0	0.00000
Klebsiella michiganensis	1134687	S	0	0.00000	0	0.00000	0	0.00000	0	0.00000	0	0.00000	0	0.00000	0	0.00000	0	0.00000	0	0.00000	0	0.00000	0	0.00000	0	0.00000	0	0.00000	143	0.00018	0	0.00000	0	0.00000	0	0.00000	0	0.00000	0	0.00000
Lactobacillus ginsenosidimutans	1007676	S	0	0.00000	0	0.00000	0	0.00000	0	0.00000	0	0.00000	0	0.00000	0	0.00000	0	0.00000	40	0.00001	25	0.00001	0	0.00000	0	0.00000	0	0.00000	0	0.00000	0	0.00000	0	0.00000	0	0.00000	0	0.00000	0	0.00000
Elizabethkingia anophelis	1117645	S	0	0.00000	0	0.00000	0	0.00000	0	0.00000	0	0.00000	0	0.00000	0	0.00000	0	0.00000	0	0.00000	0	0.00000	0	0.00000	0	0.00000	0	0.00000	0	0.00000	0	0.00000	0	0.00000	0	0.00000	53	0.00003	345	0.00008
Corynebacterium variabile	1727	S	10	0.00003	36	0.00006	19	0.00006	625	0.00109	1137	0.00169	45	0.00006	10934	0.00350	275	0.00003	93713	0.02061	1773	0.00066	95	0.00013	396	0.00018	568	0.00030	11332	0.01415	0	0.00000	27	0.00004	0	0.00000	248	0.00012	68	0.00002
Actinoalloteichus sp. AHMU CJ021	2072503	S	0	0.00000	97	0.00017	943	0.00307	509	0.00089	475	0.00071	1117	0.00148	131	0.00004	1388	0.00014	171	0.00004	339	0.00013	0	0.00000	0	0.00000	0	0.00000	122	0.00015	0	0.00000	0	0.00000	0	0.00000	34	0.00002	51	0.00001
Lactococcus phage 1358	741942	S	0	0.00000	0	0.00000	0	0.00000	0	0.00000	0	0.00000	0	0.00000	0	0.00000	0	0.00000	0	0.00000	10	0.00000	0	0.00000	0	0.00000	0	0.00000	0	0.00000	0	0.00000	0	0.00000	0	0.00000	114	0.00006	774	0.00018
Corynebacterium stationis	1705	S	0	0.00000	0	0.00000	0	0.00000	0	0.00000	0	0.00000	0	0.00000	11214	0.00359	16	0.00000	386	0.00008	28	0.00001	0	0.00000	0	0.00000	0	0.00000	0	0.00000	0	0.00000	0	0.00000	0	0.00000	13	0.00001	16	0.00000
Klebsiella sp. M5al	1934254	S	0	0.00000	0	0.00000	0	0.00000	0	0.00000	0	0.00000	0	0.00000	0	0.00000	0	0.00000	93	0.00002	101	0.00004	0	0.00000	0	0.00000	0	0.00000	25	0.00003	0	0.00000	0	0.00000	0	0.00000	0	0.00000	10	0.00000
Streptococcus macedonicus	59310	S	0	0.00000	0	0.00000	0	0.00000	0	0.00000	0	0.00000	0	0.00000	12	0.00000	0	0.00000	20	0.00000	75	0.00003	0	0.00000	0	0.00000	0	0.00000	0	0.00000	0	0.00000	0	0.00000	0	0.00000	0	0.00000	23	0.00001
Brachybacterium ginsengisoli	1331682	S	70	0.00020	61	0.00011	10	0.00003	64	0.00011	48	0.00007	85	0.00011	0	0.00000	13	0.00000	0	0.00000	0	0.00000	320	0.00045	417	0.00019	358	0.00019	25	0.00003	0	0.00000	37	0.00005	0	0.00000	0	0.00000	0	0.00000
Paraburkholderia fungorum	134537	S	0	0.00000	0	0.00000	0	0.00000	0	0.00000	0	0.00000	0	0.00000	16	0.00001	0	0.00000	0	0.00000	0	0.00000	0	0.00000	0	0.00000	0	0.00000	0	0.00000	0	0.00000	0	0.00000	0	0.00000	0	0.00000	0	0.00000
Lactobacillus crustorum	392416	S	0	0.00000	0	0.00000	0	0.00000	14	0.00002	43	0.00006	26	0.00003	0	0.00000	0	0.00000	0	0.00000	0	0.00000	0	0.00000	0	0.00000	0	0.00000	45	0.00006	0	0.00000	0	0.00000	0	0.00000	0	0.00000	0	0.00000
Leuconostoc suionicum	1511761	S	0	0.00000	22	0.00004	50	0.00016	0	0.00000	15	0.00002	15	0.00002	17	0.00001	153	0.00002	72	0.00002	67	0.00002	0	0.00000	0	0.00000	0	0.00000	0	0.00000	0	0.00000	0	0.00000	0	0.00000	0	0.00000	0	0.00000
Streptococcus gallolyticus	315405	S	0	0.00000	0	0.00000	0	0.00000	0	0.00000	0	0.00000	0	0.00000	0	0.00000	63	0.00001	0	0.00000	0	0.00000	0	0.00000	0	0.00000	0	0.00000	0	0.00000	0	0.00000	0	0.00000	0	0.00000	24	0.00001	58	0.00001
Dietzia sp. JS16-p6b	2052657	S	11	0.00003	37	0.00006	0	0.00000	0	0.00000	0	0.00000	0	0.00000	0	0.00000	0	0.00000	0	0.00000	0	0.00000	0	0.00000	0	0.00000	0	0.00000	0	0.00000	0	0.00000	0	0.00000	0	0.00000	0	0.00000	0	0.00000
Bifidobacterium longum	216816	S	0	0.00000	0	0.00000	0	0.00000	0	0.00000	0	0.00000	0	0.00000	0	0.00000	0	0.00000	0	0.00000	0	0.00000	0	0.00000	0	0.00000	0	0.00000	0	0.00000	58	0.00077	0	0.00000	16	0.00002	0	0.00000	0	0.00000
Lactococcus phage 63301	1871687	S	0	0.00000	0	0.00000	0	0.00000	0	0.00000	0	0.00000	0	0.00000	0	0.00000	0	0.00000	11	0.00000	13	0.00000	0	0.00000	0	0.00000	0	0.00000	0	0.00000	0	0.00000	0	0.00000	0	0.00000	22	0.00001	69	0.00002
Obesumbacterium proteus	82983	S	0	0.00000	0	0.00000	0	0.00000	0	0.00000	0	0.00000	0	0.00000	0	0.00000	0	0.00000	27	0.00001	38	0.00001	0	0.00000	0	0.00000	0	0.00000	0	0.00000	0	0.00000	0	0.00000	0	0.00000	23	0.00001	76	0.00002
Lactococcus phage 340	1262533	S	0	0.00000	0	0.00000	0	0.00000	0	0.00000	0	0.00000	0	0.00000	0	0.00000	0	0.00000	0	0.00000	12	0.00000	0	0.00000	0	0.00000	0	0.00000	0	0.00000	0	0.00000	0	0.00000	0	0.00000	0	0.00000	0	0.00000
Listeria monocytogenes	1639	S	0	0.00000	0	0.00000	0	0.00000	0	0.00000	0	0.00000	0	0.00000	0	0.00000	0	0.00000	333	0.00007	131	0.00005	0	0.00000	0	0.00000	0	0.00000	207	0.00026	0	0.00000	0	0.00000	0	0.00000	976	0.00049	2924	0.00067
Leclercia adecarboxylata	83655	S	0	0.00000	0	0.00000	0	0.00000	0	0.00000	0	0.00000	0	0.00000	0	0.00000	0	0.00000	0	0.00000	0	0.00000	0	0.00000	0	0.00000	0	0.00000	14	0.00002	0	0.00000	0	0.00000	0	0.00000	0	0.00000	0	0.00000
Erwinia tasmaniensis	338565	S	0	0.00000	0	0.00000	0	0.00000	0	0.00000	0	0.00000	0	0.00000	0	0.00000	0	0.00000	0	0.00000	19	0.00001	0	0.00000	0	0.00000	0	0.00000	0	0.00000	0	0.00000	0	0.00000	0	0.00000	15	0.00001	58	0.00001
Dietzia psychralcaliphila	139021	S	369	0.00108	1680	0.00290	188	0.00061	29	0.00005	29	0.00004	43	0.00006	0	0.00000	0	0.00000	0	0.00000	0	0.00000	81	0.00011	283	0.00013	95	0.00005	17	0.00002	0	0.00000	0	0.00000	0	0.00000	0	0.00000	0	0.00000
Rhodococcus sp. YL-1	1045808	S	86	0.00025	551	0.00095	42	0.00014	0	0.00000	0	0.00000	0	0.00000	0	0.00000	0	0.00000	0	0.00000	0	0.00000	10	0.00001	0	0.00000	14	0.00001	0	0.00000	0	0.00000	0	0.00000	0	0.00000	0	0.00000	0	0.00000
Rhodococcus sp. p52	935199	S	0	0.00000	20	0.00003	0	0.00000	0	0.00000	0	0.00000	0	0.00000	0	0.00000	0	0.00000	0	0.00000	0	0.00000	0	0.00000	19	0.00001	0	0.00000	0	0.00000	0	0.00000	0	0.00000	0	0.00000	0	0.00000	0	0.00000
Tessaracoccus flavus	1610493	S	36	0.00011	36	0.00006	0	0.00000	28	0.00005	12	0.00002	0	0.00000	0	0.00000	0	0.00000	0	0.00000	0	0.00000	32	0.00004	24	0.00001	10	0.00001	0	0.00000	0	0.00000	0	0.00000	0	0.00000	0	0.00000	0	0.00000
Rhodococcus opacus	37919	S	0	0.00000	0	0.00000	0	0.00000	0	0.00000	0	0.00000	0	0.00000	0	0.00000	0	0.00000	0	0.00000	0	0.00000	11	0.00002	12	0.00001	14	0.00001	0	0.00000	0	0.00000	0	0.00000	0	0.00000	0	0.00000	0	0.00000
Lactococcus virus ASCC191	1165134	S	0	0.00000	0	0.00000	0	0.00000	0	0.00000	0	0.00000	0	0.00000	45	0.00001	0	0.00000	25	0.00001	21	0.00001	0	0.00000	0	0.00000	0	0.00000	32	0.00004	0	0.00000	0	0.00000	0	0.00000	0	0.00000	13	0.00000
Enterococcus sp. FDAARGOS_375	2060307	S	0	0.00000	0	0.00000	0	0.00000	0	0.00000	0	0.00000	0	0.00000	0	0.00000	0	0.00000	46	0.00001	19	0.00001	0	0.00000	0	0.00000	0	0.00000	345	0.00043	0	0.00000	0	0.00000	0	0.00000	0	0.00000	0	0.00000
Enterobacter ludwigii	299767	S	0	0.00000	0	0.00000	0	0.00000	0	0.00000	0	0.00000	0	0.00000	0	0.00000	0	0.00000	0	0.00000	10	0.00000	0	0.00000	0	0.00000	0	0.00000	0	0.00000	0	0.00000	0	0.00000	0	0.00000	0	0.00000	20	0.00000
Staphylococcus equorum	246432	S	17833	0.05205	54385	0.09373	24909	0.08098	54910	0.09557	87030	0.12946	122239	0.16168	14979	0.00479	47132	0.00492	4147	0.00091	2211	0.00082	2820	0.00396	670	0.00031	435	0.00023	879	0.00110	7420	0.09789	33742	0.04658	7596	0.01087	2378	0.00120	8723	0.00199
Citrobacter freundii complex sp. CFNIH4	2077148	S	0	0.00000	0	0.00000	0	0.00000	0	0.00000	0	0.00000	0	0.00000	0	0.00000	0	0.00000	0	0.00000	11	0.00000	0	0.00000	0	0.00000	0	0.00000	39	0.00005	0	0.00000	0	0.00000	0	0.00000	0	0.00000	19	0.00000
Citrobacter freundii complex sp. CFNIH3	2077147	S	0	0.00000	0	0.00000	0	0.00000	0	0.00000	0	0.00000	0	0.00000	0	0.00000	0	0.00000	33	0.00001	22	0.00001	0	0.00000	0	0.00000	0	0.00000	0	0.00000	0	0.00000	0	0.00000	0	0.00000	38	0.00002	75	0.00002
Citrobacter freundii	546	S	0	0.00000	0	0.00000	33	0.00011	0	0.00000	0	0.00000	0	0.00000	0	0.00000	0	0.00000	272	0.00006	428	0.00016	0	0.00000	0	0.00000	0	0.00000	144	0.00018	0	0.00000	0	0.00000	0	0.00000	280	0.00014	616	0.00014
Citrobacter freundii complex sp. CFNIH9	2077149	S	0	0.00000	0	0.00000	0	0.00000	0	0.00000	0	0.00000	0	0.00000	0	0.00000	0	0.00000	0	0.00000	0	0.00000	0	0.00000	0	0.00000	0	0.00000	12	0.00001	0	0.00000	0	0.00000	0	0.00000	0	0.00000	0	0.00000
Staphylococcus epidermidis	1282	S	685	0.00200	930	0.00160	465	0.00151	193	0.00034	368	0.00055	706	0.00093	131	0.00004	59	0.00001	35	0.00001	35	0.00001	26	0.00004	0	0.00000	0	0.00000	13	0.00002	74	0.00098	44	0.00006	63	0.00009	19	0.00001	45	0.00001
Providencia heimbachae	333962	S	0	0.00000	0	0.00000	0	0.00000	0	0.00000	0	0.00000	0	0.00000	73	0.00002	0	0.00000	0	0.00000	0	0.00000	0	0.00000	0	0.00000	0	0.00000	0	0.00000	0	0.00000	0	0.00000	0	0.00000	0	0.00000	0	0.00000
Vibrio casei	673372	S	0	0.00000	0	0.00000	0	0.00000	0	0.00000	0	0.00000	0	0.00000	0	0.00000	0	0.00000	0	0.00000	16	0.00001	0	0.00000	0	0.00000	0	0.00000	0	0.00000	0	0.00000	0	0.00000	0	0.00000	0	0.00000	0	0.00000
Psychrobacter sp. AntiMn-1	1720344	S	0	0.00000	0	0.00000	0	0.00000	0	0.00000	0	0.00000	0	0.00000	22	0.00001	0	0.00000	0	0.00000	0	0.00000	0	0.00000	0	0.00000	0	0.00000	0	0.00000	0	0.00000	0	0.00000	0	0.00000	0	0.00000	0	0.00000
Staphylococcus warneri	1292	S	0	0.00000	0	0.00000	0	0.00000	0	0.00000	0	0.00000	0	0.00000	0	0.00000	0	0.00000	417	0.00009	301	0.00011	0	0.00000	0	0.00000	0	0.00000	0	0.00000	0	0.00000	0	0.00000	0	0.00000	0	0.00000	0	0.00000
Lactobacillus delbrueckii	1584	S	0	0.00000	0	0.00000	0	0.00000	0	0.00000	0	0.00000	0	0.00000	46	0.00001	0	0.00000	420	0.00009	27	0.00001	0	0.00000	0	0.00000	0	0.00000	0	0.00000	0	0.00000	0	0.00000	0	0.00000	0	0.00000	0	0.00000
Acinetobacter soli	487316	S	0	0.00000	0	0.00000	0	0.00000	0	0.00000	0	0.00000	0	0.00000	0	0.00000	0	0.00000	111	0.00002	210	0.00008	0	0.00000	0	0.00000	0	0.00000	0	0.00000	0	0.00000	0	0.00000	0	0.00000	0	0.00000	0	0.00000
Lactobacillus paracasei	1597	S	1546	0.00451	82	0.00014	4325	0.01406	2652	0.00462	2128	0.00317	3786	0.00501	272	0.00009	0	0.00000	20194	0.00444	10548	0.00390	0	0.00000	0	0.00000	0	0.00000	284	0.00035	0	0.00000	0	0.00000	0	0.00000	1188	0.00060	1911	0.00044
Streptococcus infantarius	102684	S	0	0.00000	0	0.00000	0	0.00000	0	0.00000	0	0.00000	0	0.00000	0	0.00000	29	0.00000	0	0.00000	0	0.00000	0	0.00000	0	0.00000	0	0.00000	0	0.00000	0	0.00000	0	0.00000	0	0.00000	0	0.00000	0	0.00000
Rhodococcus sp. PBTS 1	1653478	S	0	0.00000	0	0.00000	0	0.00000	0	0.00000	0	0.00000	0	0.00000	45	0.00001	0	0.00000	0	0.00000	0	0.00000	0	0.00000	0	0.00000	0	0.00000	0	0.00000	0	0.00000	0	0.00000	0	0.00000	0	0.00000	0	0.00000
Enterococcus faecalis	1351	S	0	0.00000	68	0.00012	72	0.00023	14	0.00002	28	0.00004	27	0.00004	3851	0.00123	16	0.00000	353238	0.07767	150329	0.05554	0	0.00000	0	0.00000	12	0.00001	1116	0.00139	10	0.00013	0	0.00000	0	0.00000	5292	0.00266	14974	0.00341
Gordonia sp. YC-JH1	2059875	S	45	0.00013	106	0.00018	33	0.00011	0	0.00000	0	0.00000	0	0.00000	0	0.00000	0	0.00000	0	0.00000	0	0.00000	0	0.00000	15	0.00001	21	0.00001	0	0.00000	0	0.00000	0	0.00000	0	0.00000	0	0.00000	0	0.00000
Microbacterium sp. CGR1	1696072	S	0	0.00000	0	0.00000	0	0.00000	0	0.00000	0	0.00000	0	0.00000	0	0.00000	0	0.00000	0	0.00000	0	0.00000	0	0.00000	0	0.00000	40	0.00002	0	0.00000	0	0.00000	0	0.00000	0	0.00000	0	0.00000	0	0.00000
Elizabethkingia miricola	172045	S	0	0.00000	0	0.00000	0	0.00000	0	0.00000	0	0.00000	0	0.00000	0	0.00000	0	0.00000	0	0.00000	0	0.00000	0	0.00000	0	0.00000	0	0.00000	0	0.00000	0	0.00000	0	0.00000	0	0.00000	0	0.00000	45	0.00001
Corynebacterium casei	160386	S	501	0.00146	1092	0.00188	257	0.00084	69	0.00012	223	0.00033	85	0.00011	1299595	0.41586	270	0.00003	35142	0.00773	1994	0.00074	1704	0.00239	1945	0.00089	565	0.00030	189	0.00024	10	0.00013	873	0.00121	2855	0.00409	133	0.00007	430	0.00010
Lactococcus raffinolactis	1366	S	0	0.00000	128	0.00022	154	0.00050	0	0.00000	0	0.00000	11	0.00001	3504	0.00112	1425	0.00015	46	0.00001	65	0.00002	0	0.00000	0	0.00000	0	0.00000	131	0.00016	0	0.00000	0	0.00000	0	0.00000	2861	0.00144	13886	0.00317
Acinetobacter pittii	48296	S	0	0.00000	0	0.00000	0	0.00000	0	0.00000	0	0.00000	0	0.00000	0	0.00000	0	0.00000	288	0.00006	564	0.00021	0	0.00000	0	0.00000	0	0.00000	137	0.00017	0	0.00000	0	0.00000	0	0.00000	179	0.00009	327	0.00007
Lactobacillus buchneri	1581	S	0	0.00000	0	0.00000	0	0.00000	4812	0.00838	2655	0.00395	295	0.00039	46	0.00001	0	0.00000	2796	0.00061	482	0.00018	0	0.00000	0	0.00000	0	0.00000	97	0.00012	0	0.00000	0	0.00000	0	0.00000	292	0.00015	245	0.00006
Erwinia gerundensis	1619313	S	0	0.00000	0	0.00000	0	0.00000	0	0.00000	0	0.00000	0	0.00000	0	0.00000	0	0.00000	0	0.00000	0	0.00000	0	0.00000	0	0.00000	12	0.00001	0	0.00000	0	0.00000	0	0.00000	0	0.00000	0	0.00000	0	0.00000
Stenotrophomonas sp. MYb57	1827305	S	0	0.00000	0	0.00000	0	0.00000	0	0.00000	0	0.00000	0	0.00000	0	0.00000	0	0.00000	0	0.00000	0	0.00000	0	0.00000	0	0.00000	0	0.00000	0	0.00000	0	0.00000	0	0.00000	0	0.00000	23	0.00001	101	0.00002
Pseudomonas aeruginosa	287	S	0	0.00000	0	0.00000	0	0.00000	0	0.00000	0	0.00000	0	0.00000	52	0.00002	0	0.00000	0	0.00000	0	0.00000	0	0.00000	0	0.00000	0	0.00000	0	0.00000	0	0.00000	0	0.00000	0	0.00000	0	0.00000	0	0.00000
Staphylococcus condimenti	70255	S	112	0.00033	123	0.00021	74	0.00024	91	0.00016	129	0.00019	197	0.00026	12	0.00000	143	0.00001	302	0.00007	268	0.00010	10	0.00001	0	0.00000	0	0.00000	0	0.00000	0	0.00000	106	0.00015	17	0.00002	0	0.00000	33	0.00001
Bovine associated gemykrogvirus 1	1985416	S	0	0.00000	0	0.00000	0	0.00000	23	0.00004	0	0.00000	0	0.00000	0	0.00000	0	0.00000	0	0.00000	0	0.00000	0	0.00000	0	0.00000	0	0.00000	0	0.00000	0	0.00000	0	0.00000	0	0.00000	0	0.00000	0	0.00000
Lactococcus phage 28201	1871678	S	0	0.00000	0	0.00000	0	0.00000	0	0.00000	0	0.00000	0	0.00000	0	0.00000	53	0.00001	12	0.00000	10	0.00000	0	0.00000	0	0.00000	0	0.00000	0	0.00000	0	0.00000	0	0.00000	0	0.00000	46	0.00002	169	0.00004
Carnobacterium sp. CP1	1564681	S	0	0.00000	140	0.00024	0	0.00000	0	0.00000	73	0.00011	48	0.00006	12	0.00000	0	0.00000	0	0.00000	0	0.00000	4194	0.00588	0	0.00000	0	0.00000	0	0.00000	0	0.00000	0	0.00000	0	0.00000	0	0.00000	16	0.00000
Erwinia billingiae	182337	S	0	0.00000	0	0.00000	0	0.00000	0	0.00000	0	0.00000	0	0.00000	0	0.00000	10	0.00000	0	0.00000	0	0.00000	0	0.00000	0	0.00000	22	0.00001	0	0.00000	0	0.00000	0	0.00000	0	0.00000	0	0.00000	0	0.00000
