"_N10_Nuria_S301_L001"	"_N11_Nuria_S302_L001"	"_N12_Nuria_S303_L001"	"_N1_Nuria_S292_L001"	"_N2_Nuria_S293_L001"	"_N3_Nuria_S294_L001"	"_N4_Nuria_S295_L001"	"_N5_Nuria_S296_L001"	"_N6_Nuria_S297_L001"	"_N7_Nuria_S298_L001"	"_N8_Nuria_S299_L001"	"_N9_Nuria_S300_L001"
"kai__0010239"	0.013461	0.03109	0.012156	0.014316	0.013075	0.083989	0.303193	0.795608	0.167471	0.027869	0.022497	0.008551
"kai__NA"	7.558828	13.693698	16.704632	2.067371	0.776866	3.165857	0.478823	1.363289	21.691439	15.656534	6.821986	1.253022
"kai__0001578"	32.66489	69.214584	70.954117	0.48092	0.262587	2.780866	0.173781	0.391116	1.332975	64.68309	14.616652	23.477633
"kai__0000810"	2.446078	0.534046	0.115363	6.97466	8.714412	7.050233	7.775785	7.274974	0.009045	0.123849	5.771229	2.587159
"kai__0000209"	2.108239	0.032786	0.038836	0.081125	0.027239	0.281582	0	0.097378	1.352371	0.019372	0.225635	0.004853
"kai__0001716"	0.077729	0.00855	0.113436	0.009014	0	0.008253	0	0	0.006232	0.668246	0.055582	0.00416
"kai__0001678"	0.075124	0.046777	0.007262	0.444334	0.154719	0.875332	0.099832	0.422684	4.659242	0.062034	0.430758	0.119016
"kai__0000816"	0.066005	0.036178	0.005909	0.112939	0.073001	0.157783	0.11647	0.073301	0.905011	0.057191	0.539936	0.033509
"kai__0216851"	0.052543	0.060202	0.005857	0.618249	0.12748	1.011754	0.085042	0.263241	11.985699	0.101219	0.756969	0.02727
"kai__0001350"	0.047332	0.083873	0.057447	0.172325	0.039225	0.039324	0	0.25361	0.124161	0.142516	0.031761	0.155761
"kai__0001301"	0.042556	0.106484	0.064735	0.034995	0	0.096126	0	0.058855	0.513791	0.198739	0.029114	0.068868
"kai__1506553"	0.037779	0.042396	0.002291	0.199897	0.055568	0.331587	0	0.075976	2.478391	0.125081	0.96143	0.021261
"kai__0572511"	0.032568	0.01717	0.002811	0.247088	0.081718	0.425772	0.020336	0.078651	3.182699	0.087482	0.653746	0.04622
"kai__0239759"	0.02866	0.014627	0.000885	0.299581	0.055568	0.511217	0.033277	0.032638	3.193605	0.029762	0.272615	0.227864
"kai__0000194"	0.02562	0.046989	0.024286	0.027042	0.029418	0.066026	0	0.880145	0.589412	0.012372	0.035731	0.002542
"kai__0001279"	0.02562	0.041689	0.043443	0.014846	0	0.009224	0	0	0.034318	0.264736	0.05889	0.040442
"kai__0002701"	0.025186	0.048402	0.053751	0	0	0	0	0	0.006075	0.087746	0.017866	0
"kai__0001485"	0.022581	0.100831	0.064865	0.127786	0.042493	0.217012	0	0.056179	2.025635	0.065777	0.378485	0.021954
"kai__0032008"	0.019541	0.004593	0.000469	0.025981	0.021791	0.031071	0.04437	0.029962	0.001485	0.000837	0.014557	0.013866
"kai__0000662"	0.016067	0.035047	0.037066	0	0	0	0	0	0.015151	0.033373	0.008602	0.010399
"kai__1017280"	0.016067	0.012365	0.002473	0.053023	0.015254	0.117973	0	0.040128	1.05662	0.039801	0.21174	0.010631
"kai__0001386"	0.015633	0.020421	0.024025	0.009014	0	0.025731	0	0.008026	0.074597	0.025448	0.030438	0.038363
"kai__0292632"	0.011725	0.004734	0.002551	0.070521	0.020702	0.126712	0	0.057785	1.172771	0.022454	0.119104	0.024497
"kai__0001730"	0.010856	0.006359	0.002629	0.050902	0.010896	0.093213	0	0.029962	0.925254	0.027165	0.201153	0.009475
"kai__0397864"	0.010422	0.010528	0.000521	0.018028	0	0	0	0	0.002489	0.02646	0.252764	0
"kai__0000286"	0.009988	0.002826	0.000963	0.007423	0.011985	0.029129	0.025882	0.014446	0.004151	0.011887	0.012572	0.026345
"kai__0001817"	0.009988	0.001413	0.000416	0.028632	0.032687	0.019419	0	0.026217	0.004099	0.001233	0.011249	0.007395
"kai__0000561"	0.009119	0.002402	0.000885	0.033935	0.02506	0.03447	0.020336	0.070091	0.010822	0.004359	0.022497	0.065401
"kai__0001253"	0.008251	0.016464	0.020511	0	0	0	0	0	0.001265	0.01858	0.007279	0.018257
"kai__0033024"	0.007816	0.004734	0.000547	0	0	0	0	0	0.015402	0.004931	0.029776	0
"kai__0001883"	0.007382	0.003109	0.003019	0	0	0.007768	0	0.009631	0.00688	0.006692	0	0.009475
"kai__0044249"	0.007382	0.003392	0.003254	0	0	0.013108	0	0	0.063711	0.005812	0.012572	0.006702
"kai__0946234"	0.006948	0.006854	0.000495	0.040298	0	0.097583	0	0.025682	1.047941	0.019196	0.134984	0.010168
"kai__0032207"	0.006514	0	0.00216	0	0	0	0	0	0.000293	0.188921	0	0
"kai__0001263"	0.006079	0.007773	0.003592	0.02333	0.010896	0.065541	0	0.008561	0.480958	0.017083	0.088004	0.006009
"kai__0069965"	0.006079	0.000707	0.000651	0.014316	0.010896	0.007282	0	0.011236	0.000471	0.000881	0.006617	0.003466
"kai__0001637"	0.005645	0.012577	0.013223	0	0	0	0	0	0.008104	0.014177	0	0.005084
"kai__0002697"	0.005645	0.013779	0.009501	0	0	0	0	0	0.004779	0.009202	0	0.028425
"kai__0059753"	0.005645	0.009963	0.010412	0	0	0	0	0	0.000314	0.011007	0	0
"kai__0261963"	0.005645	0	0	0.007953	0	0.010681	0	0.006421	0.000178	0	0	0.005084
"kai__0001243"	0.005211	0.00961	0.010334	0	0	0	0	0	0.0016	0.009906	0	0.005777
"kai__0543311"	0.005211	0.012365	0.013223	0	0	0	0	0	0.002625	0.012152	0	0
"kai__0580596"	0.005211	0.002473	0.000338	0.030223	0.011985	0.074279	0	0.027822	0.642939	0.007529	0.073447	0.009475
"kai__0000547"	0.004777	0.000777	0	0.006893	0.010896	0.010681	0	0.010701	0.000627	0.000704	0.008602	0.009937
"kai__2048137"	0.004777	0.001978	0	0.006893	0	0.022818	0	0.011236	0.170253	0.004447	0.031761	0
"kai__0001357"	0.004342	0.00643	0.005726	0.081125	0	0	0	0	0.00665	0.009158	0	0.006933
"kai__0037914"	0.004342	0	0.008017	0	0	0	0	0	0.000146	0.027781	0	0
"kai__0182709"	0.004342	0.002049	0.00164	0	0	0	0	0	0.002708	0.010302	0	0
"kai__0046255"	0	0.011941	0.012442	0	0	0	0	0	0.001757	0.018007	0	0.006009
"kai__0261684"	0	0.005865	0.00518	0	0	0	0	0	0.000293	0.003698	0	0
"kai__0002747"	0	0.00537	0.004269	0	0	0	0	0	0.003147	0.004006	0	0.015484
"kai__1505663"	0	0.004098	0.000573	0.052493	0.018523	0.052918	0	0.026217	0.621315	0.01268	0.087343	0
"kai__0046254"	0	0.003745	0.003384	0	0	0	0	0	0.000596	0.005327	0	0
"kai__0459786"	0	0.003674	0.000312	0.024921	0	0.080105	0	0.006421	0.605683	0.007397	0.063522	0.004853
"kai__1924093"	0	0.003462	0.000338	0.019619	0	0.036897	0	0.011771	0.312817	0.007661	0.054258	0.007164
"kai__0001654"	0	0.002897	0.002941	0	0	0	0	0	0.007173	0.004755	0	0.003929
"kai__0083461"	0	0.002897	0	0.035525	0	0.044179	0	0.005885	1.771939	0.00678	0.095945	0.007164
"kai__1870884"	0	0.002544	0.002759	0.005302	0	0.011652	0	0.005885	0.075078	0.004887	0.013895	0.002542
"kai__0000413"	0	0.002473	0.00203	0	0	0	0	0	0.00023	0.002025	0	0.003929
"kai__0029465"	0	0.002332	0.001171	0	0	0	0	0	0.007832	0.001013	0	0.007857
"kai__0129337"	0	0.002332	0.002551	0	0	0	0	0	0.00115	0.004095	0	0
"kai__0000841"	0	0.002049	0.000547	0.013786	0	0.023303	0	0.008026	0.172449	0.005856	0.036393	0
"kai__0379065"	0	0.002049	0.002056	0	0	0	0	0	0.000491	0.003478	0	0
"kai__0000838"	0	0.001766	0.000781	0.005302	0	0.006311	0	0	0.028107	0.003918	0.033746	0
"kai__0204475"	0	0.001625	0	0.013786	0	0.031071	0	0.016586	0.25952	0.005107	0.027129	0.003004
"kai__0400634"	0	0.001555	0.002291	0	0	0	0	0	0.003838	0.002289	0	0
"kai__0002737"	0	0.001484	0.001822	0	0	0	0	0	0.003618	0.002421	0	0
"kai__0000374"	0	0.001413	0.000286	0.007953	0	0.175746	0	0.009631	0.001014	0.019812	0.021174	0.183493
"kai__0000469"	0	0.001413	0.001536	0.005302	0	0.100981	0	0.00535	0.002039	0.037731	0.008602	0.225553
"kai__0002093"	0	0.001413	0.000364	0	0	0.008739	0	0	0.075099	0.00317	0.036393	0
"kai__0035832"	0	0.001413	0	0.007423	0	0.005826	0	0	0.086967	0.001893	0.017866	0
"kai__0082802"	0	0.001413	0.001275	0	0	0	0	0	0.004036	0.001453	0	0
"kai__0559173"	0	0.001413	0.001432	0	0	0	0	0	0.000345	0.002245	0	0
"kai__1928820"	0	0.001413	0	0	0	0.011652	0	0.017121	0.097266	0.002245	0.016542	0
"kai__0000830"	0	0.001343	0.001458	0.006363	0	0.010195	0	0	0.099682	0.003874	0.025144	0.003004
"kai__0265975"	0	0.001343	0.001223	0	0	0	0	0	0.029205	0.002113	0	0
"kai__0002755"	0	0.001272	0.001874	0	0	0	0	0	0.000471	0.001145	0	0
"kai__0171413"	0	0.001272	0.001692	0	0	0	0	0	0.000366	0.001937	0	0
"kai__1501226"	0	0.001272	0.000547	0.006893	0	0.007768	0	0	0.064935	0.005019	0.01588	0
"kai__2023266"	0	0.001272	0	0.013786	0	0.017478	0	0	0.154432	0.004183	0.028453	0.002311
"kai__0002335"	0	0.001201	0.0019	0	0	0	0	0	0.000983	0.002201	0	0
"kai__0283168"	0	0.001201	0	0	0	0	0	0	0.014493	0.002289	0.024482	0
"kai__0375288"	0	0.001201	0.000338	0.006363	0	0.006797	0	0	0.041523	0.003126	0.030438	0
"kai__1924110"	0	0.001201	0.00026	0.02333	0	0.030586	0	0.012306	0.274253	0.00361	0.019189	0.003004
"kai__0033042"	0	0.001131	0.000729	0.007423	0	0.013594	0	0	0.076929	0.002201	0.009264	0
"kai__0102106"	0	0.001131	0.000651	0	0	0.00534	0	0	0.069316	0.001101	0	0.007626
"kai__0000626"	0	0.00106	0.000625	0	0	0	0	0	0.000324	0.001321	0	0
"kai__0189330"	0	0.00106	0.000547	0.007953	0	0.019905	0	0	0.130393	0.004711	0.028453	0
"kai__0045667"	0	0.000989	0	0	0	0	0	0	0.001046	0	0	0
"kai__1903506"	0	0.000989	0.00026	0.019619	0.010896	0.0301	0	0.009631	0.251458	0.008365	0.060875	0.003004
"kai__1082702"	0	0.000919	0	0	0	0	0	0	0	0	0	0
"kai__0001375"	0	0.000848	0.000911	0	0	0.026216	0	0	0.003597	0.016818	0	0.05038
"kai__0150247"	0	0.000848	0.000807	0	0	0	0	0	0.000795	0.001497	0	0
"kai__0000970"	0	0.000777	0.000755	0	0	0	0	0	0.022241	0.001981	0	0
"kai__0032067"	0	0.000777	0	0	0	0	0	0	0.003503	0	0	0
"kai__0052784"	0	0.000777	0	0.006893	0	0.014079	0	0.006421	0.100058	0.003434	0.017866	0
"kai__0068287"	0	0.000777	0.000495	0	0	0	0	0	0.001025	0.00066	0	0.004853
"kai__0084406"	0	0.000777	0.000364	0	0	0	0	0	0.003053	0.001277	0	0
"kai__0244127"	0	0.000777	0	0.008484	0	0.012137	0	0	0.129514	0.002421	0.017866	0
"kai__0000157"	0	0.000707	0.000312	0	0	0	0	0	0.0291	0.000881	0	0
"kai__0051668"	0	0.000707	0.000599	0	0	0	0	0	0.0023	0.000792	0	0.003004
"kai__0574697"	0	0.000707	0	0.012726	0	0.023303	0	0	0.213083	0.000969	0	0.008782
"kai__0644652"	0	0.000707	0	0.005302	0	0	0	0	0.042778	0.000748	0	0
"kai__1940255"	0	0.000707	0	0.009544	0	0.011652	0	0.011771	0.099044	0.001629	0.01191	0
"kai__2039240"	0	0.000707	0	0	0	0.009224	0	0	0.055817	0.001849	0.010587	0
"kai__0002013"	0	0	0.002915	0	0	0	0	0	0.000586	0.018976	0	0
"kai__0577310"	0	0	0.001145	0	0	0	0	0	0.002133	0.001145	0	0
"kai__0099906"	0	0	0.000755	0	0	0	0	0	0.001527	0.001145	0	0
"kai__0013075"	0	0	0.000729	0	0	0	0	0	0.000596	0.002025	0	0
"kai__0029521"	0	0	0.000703	0	0	0	0	0	0.005699	0.000837	0	0
"kai__0001372"	0	0	0.000677	0	0	0	0	0	0.002781	0.000528	0	0
"kai__0670516"	0	0	0.000625	0	0	0	0	0	0.001391	0.04799	0	0.008551
"kai__0028236"	0	0	0.000599	0	0	0	0	0	0.000596	0.00066	0	0
"kai__2057233"	0	0	0.000547	0	0	0	0	0	0.014921	0.000572	0	0
"kai__0165779"	0	0	0.000521	0	0	0	0	0	0.007152	0.000704	0	0
"kai__0046205"	0	0	0.000495	0	0	0	0	0	0.02062	0.000704	0	0
"kai__0066831"	0	0	0.000495	0	0	0	0	0	0.001903	0.001145	0	0
"kai__1906945"	0	0	0.000495	0	0	0	0	0	0.000387	0.000837	0	0
"kai__0002053"	0	0	0.000469	0	0	0	0	0	0.000565	0.001321	0	0
"kai__0029574"	0	0	0.000469	0	0	0	0	0	0.000627	0	0	0
"kai__1470540"	0	0	0.000469	0	0	0	0	0	0.001757	0.00995	0	0
"kai__0002077"	0	0	0.000443	0	0	0	0	0	0.002457	0.000616	0	0
"kai__0052225"	0	0	0.000443	0	0	0	0	0	0.004998	0	0	0
"kai__0240233"	0	0	0.000416	0	0	0	0	0	0.000178	0.000484	0	0
"kai__0033882"	0	0	0.00039	0	0	0	0	0	0.00253	0.009378	0	0.006009
"kai__0083660"	0	0	0.00039	0	0	0	0	0	0.00068	0	0	0
"kai__0665568"	0	0	0.00039	0	0	0	0	0	0	0.000484	0	0
"kai__0000482"	0	0	0.000364	0	0	0	0	0	0.001182	0.001761	0	0
"kai__0001763"	0	0	0.000364	0	0	0	0	0	0.001318	0.001013	0	0
"kai__0001873"	0	0	0.000364	0	0	0	0	0	0.000931	0.00066	0	0
"kai__0162291"	0	0	0.000364	0	0	0	0	0	0.000544	0	0	0
"kai__0000237"	0	0	0.000338	0	0	0	0	0	0.003566	0.002818	0	0
"kai__0000613"	0	0	0.000338	0	0	0	0	0	0.000753	0	0	0
"kai__0001663"	0	0	0.000338	0	0	0	0	0	0.00183	0.005195	0	0.006933
"kai__0074385"	0	0	0.000338	0	0	0	0	0	0.001819	0.00066	0	0
"kai__0100883"	0	0	0.000338	0	0	0	0	0	0.026309	0.001189	0	0
"kai__1849822"	0	0	0.000338	0	0	0	0	0	0.000753	0	0	0
"kai__0000832"	0	0	0.000312	0	0	0	0	0	0.013991	0.001101	0	0
"kai__0001827"	0	0	0.000312	0	0	0	0	0	0.000878	0.002466	0	0
"kai__0133925"	0	0	0.000312	0.021739	0	0.048063	0	0.011236	0.390875	0.000792	0	0.092902
"kai__0200670"	0	0	0.000312	0	0	0	0	0	0.00022	0	0	0
"kai__0292636"	0	0	0.000312	0	0	0	0	0	0.00069	0	0	0
"kai__2282523"	0	0	0.000312	0	0	0	0	0	0	0.00066	0	0
"kai__0000836"	0	0	0.000286	0	0	0	0	0	0.003587	0.000837	0.006617	0
"kai__0000904"	0	0	0.000286	0	0	0	0	0	0.073677	0.001189	0.012572	0
"kai__0001649"	0	0	0.000286	0	0	0	0	0	0.000952	0.007397	0	0
"kai__0191303"	0	0	0.000286	0	0	0	0	0	0.003461	0.001101	0	0
"kai__0651660"	0	0	0.000286	0	0	0	0	0	0.000565	0	0	0
"kai__0001129"	0	0	0.00026	0	0	0	0	0	0.001161	0.00044	0	0
"kai__0002132"	0	0	0.00026	0	0	0	0	0	0.001035	0	0	0
"kai__0002745"	0	0	0.00026	0	0	0	0	0	0.001621	0.000969	0	0.011786
"kai__0082800"	0	0	0.00026	0	0	0	0	0	0.00024	0	0	0
"kai__0162289"	0	0	0.00026	0	0	0	0	0	0.011816	0.001057	0	0
"kai__0175304"	0	0	0.00026	0	0	0	0	0	0.001056	0	0	0
"kai__0188143"	0	0	0.00026	0	0	0	0	0	0.000125	0	0	0
"kai__1935927"	0	0	0.00026	0	0	0	0	0	0.014942	0.000881	0	0
"kai__0155493"	0	0	0	0.32079	0.725656	0.156812	0	0	0.000523	0	0	0.04622
"kai__1912216"	0	0	0	0.020679	0	0.05486	0	0	0.000669	0.000572	0	0.007857
"kai__0000171"	0	0	0	0.011665	0.011985	0.007282	0	0.005885	0.000983	0	0	0.006702
"kai__0207244"	0	0	0	0.011135	0	0.047092	0	0	0.432952	0.003962	0.027791	0
"kai__0000113"	0	0	0	0.009544	0	0	0	0	0.000105	0	0	0.003929
"kai__0231683"	0	0	0	0.008484	0.013075	0	0	0	0.000178	0	0	0.00416
"kai__0000642"	0	0	0	0.006893	0	0	0	0	0.00069	0	0	0.002773
"kai__0000620"	0	0	0	0.005833	0	0	0	0.014981	0.001778	0	0	0.005546
"kai__0000776"	0	0	0	0.005833	0	0	0	0.006421	0.000105	0	0	0
"kai__0000570"	0	0	0	0	0	0.208759	0	0.005885	0.006598	0.049267	0.01191	0.441862
"kai__1935200"	0	0	0	0	0	0.012137	0	0	0.107974	0.001761	0.007279	0
"kai__1847725"	0	0	0	0	0	0.011166	0	0	0.000167	0	0	0.002311
"kai__0053335"	0	0	0	0	0	0.00971	0	0	0.001087	0.001233	0	0.002311
"kai__0001707"	0	0	0	0	0	0.008739	0	0	0.001223	0.000881	0	0
"kai__1649459"	0	0	0	0	0	0.008739	0	0	0.060501	0.001629	0.01191	0
"kai__1905344"	0	0	0	0	0	0.008253	0	0	0.052314	0.00044	0	0
"kai__1432051"	0	0	0	0	0	0.006797	0	0	0.031756	0.000837	0	0
"kai__1981033"	0	0	0	0	0	0.006311	0	0	0.044294	0.001717	0.010587	0
"kai__0000262"	0	0	0	0	0	0.005826	0	0	0.000282	0.001013	0	0.013866
"kai__0000407"	0	0	0	0	0	0.005826	0	0	0.000387	0.000572	0	0
"kai__0248744"	0	0	0	0	0	0.005826	0	0	0.04582	0.001145	0.009264	0
"kai__1924105"	0	0	0	0	0	0.00534	0	0	0.040038	0.000969	0.007279	0
"kai__0000191"	0	0	0	0	0	0.004855	0	0	0.036922	0.001453	0.018527	0
"kai__0000434"	0	0	0	0	0	0.004855	0	0	0.034057	0.000792	0	0
"kai__0001743"	0	0	0	0	0	0.004855	0	0	0.006326	0.000484	0	0
"kai__0049082"	0	0	0	0	0	0	0.035126	0	0.001945	0	0	0
"kai__0000590"	0	0	0	0	0	0	0	0.00535	0.001129	0.000572	0	0.005315
"kai__0172900"	0	0	0	0	0	0	0	0	0.052251	0	0	0
"kai__1080709"	0	0	0	0	0	0	0	0	0.049072	0.000572	0.017866	0
"kai__1935176"	0	0	0	0	0	0	0	0	0.046594	0.00044	0	0
"kai__0002086"	0	0	0	0	0	0	0	0	0.037277	0	0	0
"kai__1392389"	0	0	0	0	0	0	0	0	0.036023	0.00044	0	0
"kai__0588605"	0	0	0	0	0	0	0	0	0.032258	0.001541	0	0
"kai__1573534"	0	0	0	0	0	0	0	0	0.031485	0.001541	0	0
"kai__2005359"	0	0	0	0	0	0	0	0	0.028003	0.001101	0	0
"kai__0420345"	0	0	0	0	0	0	0	0	0.027041	0.00044	0	0
"kai__0990721"	0	0	0	0	0	0	0	0	0.026288	0.00066	0	0
"kai__1763508"	0	0	0	0	0	0	0	0	0.024489	0.000925	0	0
"kai__0084111"	0	0	0	0	0	0	0	0	0.023151	0.001497	0	0
"kai__0000522"	0	0	0	0	0	0	0	0	0.022074	0	0	0
"kai__2172004"	0	0	0	0	0	0	0	0	0.021258	0.000484	0	0
"kai__2126006"	0	0	0	0	0	0	0	0	0.021195	0.000528	0	0
"kai__1573536"	0	0	0	0	0	0	0	0	0.020652	0	0	0
"kai__0241189"	0	0	0	0	0	0	0	0	0.019449	0.000925	0	0
"kai__1918385"	0	0	0	0	0	0	0	0	0.018947	0	0	0
"kai__1843210"	0	0	0	0	0	0	0	0	0.01878	0.000528	0	0
"kai__1987010"	0	0	0	0	0	0	0	0	0.018749	0.00066	0	0
"kai__0000906"	0	0	0	0	0	0	0	0	0.018163	0.00066	0	0
"kai__0000872"	0	0	0	0	0	0	0	0	0.01787	0	0	0
"kai__0061170"	0	0	0	0	0	0	0	0	0.017243	0	0	0
"kai__0000848"	0	0	0	0	0	0	0	0	0.016657	0.000572	0	0
"kai__1427378"	0	0	0	0	0	0	0	0	0.016427	0.000616	0	0
"kai__1506577"	0	0	0	0	0	0	0	0	0.016176	0.00273	0.01191	0
"kai__1508657"	0	0	0	0	0	0	0	0	0.015664	0.00066	0	0
"kai__1924081"	0	0	0	0	0	0	0	0	0.015099	0	0	0
"kai__1929305"	0	0	0	0	0	0	0	0	0.014838	0.00066	0	0
"kai__1663717"	0	0	0	0	0	0	0	0	0.012935	0.000572	0	0
"kai__0084108"	0	0	0	0	0	0	0	0	0.012851	0	0	0
"kai__1472762"	0	0	0	0	0	0	0	0	0.01259	0	0	0
"kai__0002147"	0	0	0	0	0	0	0	0	0.012015	0.000572	0	0
"kai__2304692"	0	0	0	0	0	0	0	0	0.011983	0	0	0
"kai__0044748"	0	0	0	0	0	0	0	0	0.011931	0	0	0
"kai__1929045"	0	0	0	0	0	0	0	0	0.011879	0	0	0
"kai__0035829"	0	0	0	0	0	0	0	0	0.011565	0	0	0
"kai__0079206"	0	0	0	0	0	0	0	0	0.011377	0	0	0
"kai__1980693"	0	0	0	0	0	0	0	0	0.011053	0	0	0
"kai__1855714"	0	0	0	0	0	0	0	0	0.010132	0	0	0
"kai__1926677"	0	0	0	0	0	0	0	0	0.010049	0.001013	0	0
"kai__1470349"	0	0	0	0	0	0	0	0	0.009808	0	0	0
"kai__0028050"	0	0	0	0	0	0	0	0	0.009683	0	0	0
"kai__0100175"	0	0	0	0	0	0	0	0	0.009683	0	0	0
"kai__0001266"	0	0	0	0	0	0	0	0	0.008961	0	0	0
"kai__0596767"	0	0	0	0	0	0	0	0	0.008846	0	0	0
"kai__0698776"	0	0	0	0	0	0	0	0	0.008836	0	0	0
"kai__1987016"	0	0	0	0	0	0	0	0	0.008658	0	0	0
"kai__2163168"	0	0	0	0	0	0	0	0	0.00847	0	0	0
"kai__0158846"	0	0	0	0	0	0	0	0	0.008198	0	0	0
"kai__0002383"	0	0	0	0	0	0	0	0	0.008146	0	0	0
"kai__1164882"	0	0	0	0	0	0	0	0	0.008093	0	0	0
"kai__0001380"	0	0	0	0	0	0	0	0	0.007884	0	0	0
"kai__0135858"	0	0	0	0	0	0	0	0	0.007686	0	0	0
"kai__1987749"	0	0	0	0	0	0	0	0	0.007623	0	0	0
"kai__0264995"	0	0	0	0	0	0	0	0	0.007571	0	0	0
"kai__0653683"	0	0	0	0	0	0	0	0	0.00755	0	0	0
"kai__0195950"	0	0	0	0	0	0	0	0	0.007403	0.000572	0	0
"kai__0258514"	0	0	0	0	0	0	0	0	0.00709	0	0	0
"kai__0390805"	0	0	0	0	0	0	0	0	0.006954	0	0	0
"kai__1769710"	0	0	0	0	0	0	0	0	0.006954	0	0	0
"kai__1470353"	0	0	0	0	0	0	0	0	0.006891	0	0	0
"kai__1348911"	0	0	0	0	0	0	0	0	0.006797	0.001629	0.009925	0
"kai__0123375"	0	0	0	0	0	0	0	0	0.006713	0	0	0
"kai__1892380"	0	0	0	0	0	0	0	0	0.006713	0	0	0
"kai__0033951"	0	0	0	0	0	0	0	0	0.006441	0.000528	0	0
"kai__1738645"	0	0	0	0	0	0	0	0	0.006243	0	0	0
"kai__0508459"	0	0	0	0	0	0	0	0	0.006075	0	0	0
"kai__0036853"	0	0	0	0	0	0	0	0	0.00595	0	0	0
"kai__1926556"	0	0	0	0	0	0	0	0	0.005709	0	0	0
"kai__1348611"	0	0	0	0	0	0	0	0	0.005667	0	0	0
"kai__0001562"	0	0	0	0	0	0	0	0	0.005416	0.000572	0	0
"kai__0651554"	0	0	0	0	0	0	0	0	0.00526	0	0	0
"kai__0044258"	0	0	0	0	0	0	0	0	0.005113	0	0	0
"kai__0043996"	0	0	0	0	0	0	0	0	0.00504	0.000484	0	0
"kai__1981028"	0	0	0	0	0	0	0	0	0.005009	0	0	0
"kai__0001257"	0	0	0	0	0	0	0	0	0.004956	0	0	0
"kai__2304693"	0	0	0	0	0	0	0	0	0.004925	0	0	0
"kai__0253238"	0	0	0	0	0	0	0	0	0.004915	0	0	0
"kai__0002034"	0	0	0	0	0	0	0	0	0.004904	0.000792	0	0
"kai__0399320"	0	0	0	0	0	0	0	0	0.004695	0	0	0
"kai__1407607"	0	0	0	0	0	0	0	0	0.004643	0	0	0
"kai__0638847"	0	0	0	0	0	0	0	0	0.004632	0	0	0
"kai__0177971"	0	0	0	0	0	0	0	0	0.00459	0	0	0
"kai__0140625"	0	0	0	0	0	0	0	0	0.004559	0	0	0
"kai__0329857"	0	0	0	0	0	0	0	0	0.004496	0	0	0
"kai__0002375"	0	0	0	0	0	0	0	0	0.004434	0	0	0
"kai__1573535"	0	0	0	0	0	0	0	0	0.004413	0	0	0
"kai__2060094"	0	0	0	0	0	0	0	0	0.00435	0	0	0
"kai__2126002"	0	0	0	0	0	0	0	0	0.004256	0	0	0
"kai__0031980"	0	0	0	0	0	0	0	0	0.004193	0	0	0
"kai__0039948"	0	0	0	0	0	0	0	0	0.004172	0	0	0
"kai__0082373"	0	0	0	0	0	0	0	0	0.00412	0	0	0
"kai__2005386"	0	0	0	0	0	0	0	0	0.004109	0	0	0
"kai__1780122"	0	0	0	0	0	0	0	0	0.004068	0	0	0
"kai__1486725"	0	0	0	0	0	0	0	0	0.003973	0	0	0
"kai__2304691"	0	0	0	0	0	0	0	0	0.003932	0	0	0
"kai__0040544"	0	0	0	0	0	0	0	0	0.003743	0	0	0
"kai__0519427"	0	0	0	0	0	0	0	0	0.003681	0	0	0
"kai__0055080"	0	0	0	0	0	0	0	0	0.00366	0	0	0
"kai__0115543"	0	0	0	0	0	0	0	0	0.00366	0	0	0
"kai__1923867"	0	0	0	0	0	0	0	0	0.003618	0	0	0
"kai__1918540"	0	0	0	0	0	0	0	0	0.003607	0	0	0
"kai__0114627"	0	0	0	0	0	0	0	0	0.003566	0	0	0
"kai__0239934"	0	0	0	0	0	0	0	0	0.003524	0	0	0
"kai__1408818"	0	0	0	0	0	0	0	0	0.003461	0	0	0
"kai__0028895"	0	0	0	0	0	0	0	0	0.00344	0	0	0
"kai__1213720"	0	0	0	0	0	0	0	0	0.003346	0	0	0
"kai__2304687"	0	0	0	0	0	0	0	0	0.003336	0	0	0
"kai__0044000"	0	0	0	0	0	0	0	0	0.003221	0	0	0
"kai__1973274"	0	0	0	0	0	0	0	0	0.00321	0	0	0
"kai__2060871"	0	0	0	0	0	0	0	0	0.00321	0	0	0
"kai__0715222"	0	0	0	0	0	0	0	0	0.003189	0	0	0
"kai__0001647"	0	0	0	0	0	0	0	0	0.003158	0	0	0
"kai__0056112"	0	0	0	0	0	0	0	0	0.003158	0	0	0
"kai__0109326"	0	0	0	0	0	0	0	0	0.003137	0	0	0
"kai__1472649"	0	0	0	0	0	0	0	0	0.003106	0	0	0
"kai__0061434"	0	0	0	0	0	0	0	0	0.003095	0	0	0
"kai__0079328"	0	0	0	0	0	0	0	0	0.003074	0	0	0
"kai__0112902"	0	0	0	0	0	0	0	0	0.003074	0	0	0
"kai__1766253"	0	0	0	0	0	0	0	0	0.003074	0	0	0
"kai__1935192"	0	0	0	0	0	0	0	0	0.003032	0	0	0
"kai__0029330"	0	0	0	0	0	0	0	0	0.003011	0	0	0
"kai__1273095"	0	0	0	0	0	0	0	0	0.002938	0	0	0
"kai__0002330"	0	0	0	0	0	0	0	0	0.002928	0	0	0
"kai__0113286"	0	0	0	0	0	0	0	0	0.002928	0	0	0
"kai__1155385"	0	0	0	0	0	0	0	0	0.002907	0	0	0
"kai__0174708"	0	0	0	0	0	0	0	0	0.002865	0	0	0
"kai__1279388"	0	0	0	0	0	0	0	0	0.002823	0.000616	0	0
"kai__0041273"	0	0	0	0	0	0	0	0	0.00275	0	0	0
"kai__0270497"	0	0	0	0	0	0	0	0	0.002698	0	0	0
"kai__1922299"	0	0	0	0	0	0	0	0	0.002698	0	0	0
"kai__0165812"	0	0	0	0	0	0	0	0	0.002635	0	0	0
"kai__0252965"	0	0	0	0	0	0	0	0	0.002625	0	0	0
"kai__0040840"	0	0	0	0	0	0	0	0	0.002614	0	0	0
"kai__1929083"	0	0	0	0	0	0	0	0	0.002593	0	0	0
"kai__0055079"	0	0	0	0	0	0	0	0	0.002572	0	0	0
"kai__1185408"	0	0	0	0	0	0	0	0	0.002562	0	0	0
"kai__1729679"	0	0	0	0	0	0	0	0	0.00252	0	0	0
"kai__0086331"	0	0	0	0	0	0	0	0	0.00251	0	0	0
"kai__1481960"	0	0	0	0	0	0	0	0	0.002499	0	0	0
"kai__0862261"	0	0	0	0	0	0	0	0	0.002489	0	0	0
"kai__2039302"	0	0	0	0	0	0	0	0	0.002395	0	0	0
"kai__0667112"	0	0	0	0	0	0	0	0	0.002374	0	0	0
"kai__1161127"	0	0	0	0	0	0	0	0	0.002353	0	0	0
"kai__1434006"	0	0	0	0	0	0	0	0	0.002353	0	0	0
"kai__0031983"	0	0	0	0	0	0	0	0	0.002332	0	0	0
"kai__0000862"	0	0	0	0	0	0	0	0	0.002311	0	0	0
"kai__0002172"	0	0	0	0	0	0	0	0	0.00228	0.003478	0.011249	0
"kai__0059732"	0	0	0	0	0	0	0	0	0.00228	0.00066	0	0
"kai__0674963"	0	0	0	0	0	0	0	0	0.00228	0	0	0
"kai__0190972"	0	0	0	0	0	0	0	0	0.002259	0	0	0
"kai__1849828"	0	0	0	0	0	0	0	0	0.002238	0	0	0
"kai__0156973"	0	0	0	0	0	0	0	0	0.002196	0.000704	0.006617	0
"kai__0184869"	0	0	0	0	0	0	0	0	0.002196	0	0	0
"kai__0001754"	0	0	0	0	0	0	0	0	0.002144	0	0	0
"kai__0084567"	0	0	0	0	0	0	0	0	0.002112	0.001409	0	0
"kai__1937664"	0	0	0	0	0	0	0	0	0.002112	0	0	0
"kai__0002753"	0	0	0	0	0	0	0	0	0.002091	0	0	0
"kai__0044261"	0	0	0	0	0	0	0	0	0.002091	0	0	0
"kai__2126548"	0	0	0	0	0	0	0	0	0.002091	0	0	0
"kai__1937008"	0	0	0	0	0	0	0	0	0.002018	0	0	0
"kai__0365348"	0	0	0	0	0	0	0	0	0.002008	0	0	0
"kai__0044260"	0	0	0	0	0	0	0	0	0.001976	0	0	0
"kai__2316020"	0	0	0	0	0	0	0	0	0.001966	0	0	0
"kai__1926663"	0	0	0	0	0	0	0	0	0.001945	0	0	0
"kai__1505652"	0	0	0	0	0	0	0	0	0.001893	0	0	0
"kai__0013687"	0	0	0	0	0	0	0	0	0.001882	0.000704	0	0
"kai__0419014"	0	0	0	0	0	0	0	0	0.001861	0	0	0
"kai__0000890"	0	0	0	0	0	0	0	0	0.00183	0	0	0
"kai__0084162"	0	0	0	0	0	0	0	0	0.00183	0	0	0
"kai__0696745"	0	0	0	0	0	0	0	0	0.00183	0	0	0
"kai__1279384"	0	0	0	0	0	0	0	0	0.00183	0	0	0
"kai__0028231"	0	0	0	0	0	0	0	0	0.001819	0	0	0
"kai__0076008"	0	0	0	0	0	0	0	0	0.001809	0	0	0
"kai__0084034"	0	0	0	0	0	0	0	0	0.001809	0	0	0
"kai__0218204"	0	0	0	0	0	0	0	0	0.001809	0	0	0
"kai__0499228"	0	0	0	0	0	0	0	0	0.001799	0	0	0
"kai__1427376"	0	0	0	0	0	0	0	0	0.001788	0	0	0
"kai__0150022"	0	0	0	0	0	0	0	0	0.001778	0	0	0
"kai__2005355"	0	0	0	0	0	0	0	0	0.001778	0	0	0
"kai__0214904"	0	0	0	0	0	0	0	0	0.001767	0	0	0
"kai__1505660"	0	0	0	0	0	0	0	0	0.001767	0	0	0
"kai__0415014"	0	0	0	0	0	0	0	0	0.001746	0	0	0
"kai__1611681"	0	0	0	0	0	0	0	0	0.001746	0	0	0
"kai__0001298"	0	0	0	0	0	0	0	0	0.001725	0.007925	0	0
"kai__0043994"	0	0	0	0	0	0	0	0	0.001725	0	0	0
"kai__1913599"	0	0	0	0	0	0	0	0	0.001725	0	0	0
"kai__0648799"	0	0	0	0	0	0	0	0	0.001715	0	0	0
"kai__0178898"	0	0	0	0	0	0	0	0	0.001704	0	0	0
"kai__2282740"	0	0	0	0	0	0	0	0	0.001704	0	0	0
"kai__1689250"	0	0	0	0	0	0	0	0	0.001683	0	0	0
"kai__1302778"	0	0	0	0	0	0	0	0	0.001673	0	0	0
"kai__1884930"	0	0	0	0	0	0	0	0	0.001652	0	0	0
"kai__0001569"	0	0	0	0	0	0	0	0	0.001631	0	0	0
"kai__1912503"	0	0	0	0	0	0	0	0	0.001631	0	0	0
"kai__2082587"	0	0	0	0	0	0	0	0	0.001579	0	0	0
"kai__1505657"	0	0	0	0	0	0	0	0	0.001568	0	0	0
"kai__1769729"	0	0	0	0	0	0	0	0	0.001568	0	0	0
"kai__0002316"	0	0	0	0	0	0	0	0	0.001548	0	0	0
"kai__0704093"	0	0	0	0	0	0	0	0	0.001506	0	0	0
"kai__0118966"	0	0	0	0	0	0	0	0	0.001485	0	0	0
"kai__1929297"	0	0	0	0	0	0	0	0	0.001474	0	0	0
"kai__1505664"	0	0	0	0	0	0	0	0	0.001464	0	0	0
"kai__0181069"	0	0	0	0	0	0	0	0	0.001453	0	0	0
"kai__0089958"	0	0	0	0	0	0	0	0	0.001443	0	0	0
"kai__0580024"	0	0	0	0	0	0	0	0	0.001443	0	0	0
"kai__1924062"	0	0	0	0	0	0	0	0	0.001443	0	0	0
"kai__0448125"	0	0	0	0	0	0	0	0	0.001412	0	0	0
"kai__1926659"	0	0	0	0	0	0	0	0	0.001401	0	0.006617	0
"kai__0146813"	0	0	0	0	0	0	0	0	0.001391	0	0	0
"kai__0000893"	0	0	0	0	0	0	0	0	0.00137	0	0	0
"kai__0186831"	0	0	0	0	0	0	0	0	0.00137	0	0	0
"kai__2093783"	0	0	0	0	0	0	0	0	0.00137	0	0	0
"kai__2498454"	0	0	0	0	0	0	0	0	0.00137	0	0	0
"kai__0306539"	0	0	0	0	0	0	0	0	0.001359	0	0	0
"kai__0001016"	0	0	0	0	0	0	0	0	0.001349	0	0	0
"kai__0033986"	0	0	0	0	0	0	0	0	0.001349	0.000616	0	0.003235
"kai__1930845"	0	0	0	0	0	0	0	0	0.001349	0	0	0
"kai__1637257"	0	0	0	0	0	0	0	0	0.001338	0	0	0
"kai__1486726"	0	0	0	0	0	0	0	0	0.001328	0	0	0
"kai__0083770"	0	0	0	0	0	0	0	0	0.001318	0	0	0
"kai__1283313"	0	0	0	0	0	0	0	0	0.001318	0	0	0
"kai__0000379"	0	0	0	0	0	0	0	0	0.001307	0.000837	0	0.003698
"kai__0043668"	0	0	0	0	0	0	0	0	0.001297	0.281158	0.017866	0
"kai__0577309"	0	0	0	0	0	0	0	0	0.001286	0.00044	0	0
"kai__0000445"	0	0	0	0	0	0	0	0	0.001276	0	0	0
"kai__0000866"	0	0	0	0	0	0	0	0	0.001276	0	0	0
"kai__0028453"	0	0	0	0	0	0	0	0	0.001265	0.012548	0	0
"kai__0001378"	0	0	0	0	0	0	0	0	0.001255	0.00044	0	0
"kai__0002373"	0	0	0	0	0	0	0	0	0.001255	0	0	0
"kai__0171003"	0	0	0	0	0	0	0	0	0.001255	0	0	0
"kai__0553372"	0	0	0	0	0	0	0	0	0.001255	0	0	0
"kai__1715798"	0	0	0	0	0	0	0	0	0.001244	0	0	0
"kai__0293136"	0	0	0	0	0	0	0	0	0.001234	0	0	0
"kai__1347386"	0	0	0	0	0	0	0	0	0.001234	0	0	0
"kai__1769713"	0	0	0	0	0	0	0	0	0.001223	0	0	0
"kai__0032068"	0	0	0	0	0	0	0	0	0.001213	0	0	0
"kai__0051514"	0	0	0	0	0	0	0	0	0.001213	0	0	0
"kai__0055506"	0	0	0	0	0	0	0	0	0.001202	0	0	0
"kai__1193503"	0	0	0	0	0	0	0	0	0.001182	0	0	0
"kai__1935188"	0	0	0	0	0	0	0	0	0.001182	0	0	0
"kai__0117563"	0	0	0	0	0	0	0	0	0.001161	0	0	0
"kai__0065402"	0	0	0	0	0	0	0	0	0.00115	0	0	0
"kai__0274470"	0	0	0	0	0	0	0	0	0.00115	0	0	0
"kai__0423349"	0	0	0	0	0	0	0	0	0.00115	0	0	0
"kai__0040323"	0	0	0	0	0	0	0	0	0.00114	0.000881	0	0
"kai__0000146"	0	0	0	0	0	0	0	0	0.001129	0	0	0
"kai__0285105"	0	0	0	0	0	0	0	0	0.001129	0	0	0
"kai__1911556"	0	0	0	0	0	0	0	0	0.001129	0	0	0
"kai__0000713"	0	0	0	0	0	0	0	0	0.001108	0	0	0
"kai__0200903"	0	0	0	0	0	0	0	0	0.001108	0	0	0
"kai__0253255"	0	0	0	0	0	0	0	0	0.001108	0	0	0
"kai__0002740"	0	0	0	0	0	0	0	0	0.001098	0	0	0
"kai__0051196"	0	0	0	0	0	0	0	0	0.001098	0	0	0
"kai__0002050"	0	0	0	0	0	0	0	0	0.001077	0	0	0
"kai__2004411"	0	0	0	0	0	0	0	0	0.001067	0	0	0
"kai__1403538"	0	0	0	0	0	0	0	0	0.001056	0	0	0
"kai__0069894"	0	0	0	0	0	0	0	0	0.001046	0	0	0
"kai__0456492"	0	0	0	0	0	0	0	0	0.001046	0	0	0
"kai__1472763"	0	0	0	0	0	0	0	0	0.001035	0	0	0
"kai__1980038"	0	0	0	0	0	0	0	0	0.001035	0	0	0.006009
"kai__0048736"	0	0	0	0	0	0	0	0	0.001025	0	0	0
"kai__0166484"	0	0	0	0	0	0	0	0	0.001025	0	0	0
"kai__0001847"	0	0	0	0	0	0	0	0	0.001014	0.00044	0	0
"kai__0002207"	0	0	0	0	0	0	0	0	0.001014	0	0	0
"kai__1473205"	0	0	0	0	0	0	0	0	0.001014	0	0	0
"kai__0042447"	0	0	0	0	0	0	0	0	0.001004	0	0	0
"kai__0083768"	0	0	0	0	0	0	0	0	0.000993	0	0	0
"kai__0432330"	0	0	0	0	0	0	0	0	0.000993	0	0	0
"kai__0028033"	0	0	0	0	0	0	0	0	0.000983	0	0	0
"kai__0055968"	0	0	0	0	0	0	0	0	0.000983	0.001805	0	0
"kai__1329200"	0	0	0	0	0	0	0	0	0.000983	0	0	0
"kai__2282741"	0	0	0	0	0	0	0	0	0.000983	0	0	0
"kai__0082202"	0	0	0	0	0	0	0	0	0.000972	0	0	0
"kai__0249529"	0	0	0	0	0	0	0	0	0.000972	0	0	0
"kai__1929105"	0	0	0	0	0	0	0	0	0.000972	0	0	0
"kai__2126544"	0	0	0	0	0	0	0	0	0.000972	0	0	0
"kai__0041707"	0	0	0	0	0	0	0	0	0.000962	0	0	0
"kai__0180162"	0	0	0	0	0	0	0	0	0.000962	0	0	0
"kai__0044259"	0	0	0	0	0	0	0	0	0.000952	0	0	0
"kai__0001839"	0	0	0	0	0	0	0	0	0.000941	0.001013	0	0
"kai__0106589"	0	0	0	0	0	0	0	0	0.000931	0	0	0
"kai__0191373"	0	0	0	0	0	0	0	0	0.000931	0	0	0
"kai__1980680"	0	0	0	0	0	0	0	0	0.000931	0	0	0
"kai__0940557"	0	0	0	0	0	0	0	0	0.00092	0	0	0
"kai__1884934"	0	0	0	0	0	0	0	0	0.00092	0	0	0
"kai__0000657"	0	0	0	0	0	0	0	0	0.00091	0	0	0.003698
"kai__0029331"	0	0	0	0	0	0	0	0	0.00091	0	0	0.002542
"kai__0079603"	0	0	0	0	0	0	0	0	0.00091	0	0	0
"kai__0256818"	0	0	0	0	0	0	0	0	0.00091	0.001805	0	0
"kai__1980675"	0	0	0	0	0	0	0	0	0.000889	0	0	0
"kai__0013334"	0	0	0	0	0	0	0	0	0.000878	0	0	0
"kai__0046468"	0	0	0	0	0	0	0	0	0.000878	0	0	0
"kai__2282742"	0	0	0	0	0	0	0	0	0.000878	0	0	0
"kai__1069494"	0	0	0	0	0	0	0	0	0.000868	0	0	0
"kai__1973275"	0	0	0	0	0	0	0	0	0.000868	0	0	0
"kai__2042899"	0	0	0	0	0	0	0	0	0.000868	0	0	0
"kai__0000724"	0	0	0	0	0	0	0	0	0.000857	0.001189	0	0
"kai__0236752"	0	0	0	0	0	0	0	0	0.000857	0	0	0
"kai__0427925"	0	0	0	0	0	0	0	0	0.000857	0	0	0
"kai__0156454"	0	0	0	0	0	0	0	0	0.000847	0	0	0
"kai__0248038"	0	0	0	0	0	0	0	0	0.000847	0	0	0
"kai__1933048"	0	0	0	0	0	0	0	0	0.000847	0	0	0
"kai__0002023"	0	0	0	0	0	0	0	0	0.000826	0	0	0
"kai__0001101"	0	0	0	0	0	0	0	0	0.000805	0	0	0
"kai__0033870"	0	0	0	0	0	0	0	0	0.000805	0	0	0
"kai__0278993"	0	0	0	0	0	0	0	0	0.000795	0	0	0
"kai__1822464"	0	0	0	0	0	0	0	0	0.000795	0.00044	0	0.004391
"kai__0157226"	0	0	0	0	0	0	0	0	0.000784	0	0	0
"kai__2494209"	0	0	0	0	0	0	0	0	0.000784	0	0	0
"kai__0047054"	0	0	0	0	0	0	0	0	0.000774	0	0	0
"kai__0140458"	0	0	0	0	0	0	0	0	0.000774	0	0	0
"kai__0561442"	0	0	0	0	0	0	0	0	0.000774	0	0	0
"kai__1543703"	0	0	0	0	0	0	0	0	0.000774	0	0	0
"kai__1794910"	0	0	0	0	0	0	0	0	0.000774	0	0	0
"kai__0028138"	0	0	0	0	0	0	0	0	0.000763	0	0	0.002773
"kai__0196082"	0	0	0	0	0	0	0	0	0.000763	0	0	0
"kai__0045669"	0	0	0	0	0	0	0	0	0.000742	0.001805	0	0
"kai__0076632"	0	0	0	0	0	0	0	0	0.000742	0	0	0
"kai__0120831"	0	0	0	0	0	0	0	0	0.000742	0	0	0
"kai__1981050"	0	0	0	0	0	0	0	0	0.000742	0	0	0
"kai__0000018"	0	0	0	0	0	0	0	0	0.000732	0	0	0
"kai__0028196"	0	0	0	0	0	0	0	0	0.000732	0	0	0
"kai__0000416"	0	0	0	0	0	0	0	0	0.000721	0	0	0
"kai__0028263"	0	0	0	0	0	0	0	0	0.000721	0	0	0
"kai__0342658"	0	0	0	0	0	0	0	0	0.000721	0	0	0
"kai__0346096"	0	0	0	0	0	0	0	0	0.000721	0	0	0
"kai__0423604"	0	0	0	0	0	0	0	0	0.000721	0	0	0
"kai__0471824"	0	0	0	0	0	0	0	0	0.000721	0	0	0
"kai__1769008"	0	0	0	0	0	0	0	0	0.000721	0	0	0
"kai__1640153"	0	0	0	0	0	0	0	0	0.000711	0	0	0
"kai__0000022"	0	0	0	0	0	0	0	0	0.000701	0	0	0
"kai__0227979"	0	0	0	0	0	0	0	0	0.000701	0.038788	0.009264	0
"kai__0000338"	0	0	0	0	0	0	0	0	0.00069	0.000704	0	0
"kai__0059739"	0	0	0	0	0	0	0	0	0.00069	0	0	0
"kai__0129957"	0	0	0	0	0	0	0	0	0.00069	0	0	0
"kai__0577469"	0	0	0	0	0	0	0	0	0.00069	0	0	0
"kai__0046466"	0	0	0	0	0	0	0	0	0.00068	0	0	0
"kai__1930291"	0	0	0	0	0	0	0	0	0.00068	0	0	0
"kai__0000914"	0	0	0	0	0	0	0	0	0.000669	0	0	0
"kai__0471826"	0	0	0	0	0	0	0	0	0.000669	0	0	0
"kai__0995014"	0	0	0	0	0	0	0	0	0.000669	0	0	0
"kai__0034104"	0	0	0	0	0	0	0	0	0.000659	0	0	0
"kai__0459532"	0	0	0	0	0	0	0	0	0.000659	0	0	0
"kai__0340096"	0	0	0	0	0	0	0	0	0.000648	0	0	0
"kai__1945592"	0	0	0	0	0	0	0	0	0.000648	0	0	0
"kai__0648802"	0	0	0	0	0	0	0	0	0.000638	0	0	0
"kai__0046913"	0	0	0	0	0	0	0	0	0.000627	0	0	0
"kai__0168808"	0	0	0	0	0	0	0	0	0.000627	0.00044	0	0
"kai__0233189"	0	0	0	0	0	0	0	0	0.000627	0	0	0
"kai__0246875"	0	0	0	0	0	0	0	0	0.000627	0	0	0
"kai__0002192"	0	0	0	0	0	0	0	0	0.000617	0	0	0
"kai__0120961"	0	0	0	0	0	0	0	0	0.000617	0	0	0
"kai__0159730"	0	0	0	0	0	0	0	0	0.000617	0	0	0
"kai__0000898"	0	0	0	0	0	0	0	0	0.000606	0	0	0
"kai__0001854"	0	0	0	0	0	0	0	0	0.000606	0	0	0
"kai__0057493"	0	0	0	0	0	0	0	0	0.000606	0.004095	0	0
"kai__0099593"	0	0	0	0	0	0	0	0	0.000606	0	0	0
"kai__0118747"	0	0	0	0	0	0	0	0	0.000606	0	0	0
"kai__0000517"	0	0	0	0	0	0	0	0	0.000596	0	0	0
"kai__0002160"	0	0	0	0	0	0	0	0	0.000596	0	0	0
"kai__0072763"	0	0	0	0	0	0	0	0	0.000596	0.001805	0	0
"kai__0129001"	0	0	0	0	0	0	0	0	0.000596	0	0	0
"kai__0337670"	0	0	0	0	0	0	0	0	0.000596	0	0	0
"kai__0000702"	0	0	0	0	0	0	0	0	0.000586	0	0	0
"kai__0001696"	0	0	0	0	0	0	0	0	0.000586	0.052877	0	0
"kai__0265487"	0	0	0	0	0	0	0	0	0.000586	0	0	0
"kai__1184396"	0	0	0	0	0	0	0	0	0.000586	0	0	0
"kai__1276290"	0	0	0	0	0	0	0	0	0.000586	0	0	0
"kai__1471399"	0	0	0	0	0	0	0	0	0.000586	0	0	0
"kai__1979191"	0	0	0	0	0	0	0	0	0.000586	0	0	0
"kai__0289201"	0	0	0	0	0	0	0	0	0.000575	0	0	0
"kai__0165696"	0	0	0	0	0	0	0	0	0.000565	0	0	0
"kai__0000013"	0	0	0	0	0	0	0	0	0.000554	0	0	0
"kai__0332100"	0	0	0	0	0	0	0	0	0.000554	0	0	0
"kai__1433999"	0	0	0	0	0	0	0	0	0.000554	0	0	0
"kai__1765682"	0	0	0	0	0	0	0	0	0.000554	0	0	0
"kai__0000107"	0	0	0	0	0	0	0	0	0.000544	0	0	0
"kai__0002742"	0	0	0	0	0	0	0	0	0.000544	0	0	0
"kai__0203133"	0	0	0	0	0	0	0	0	0.000544	0	0	0
"kai__0002295"	0	0	0	0	0	0	0	0	0.000533	0	0	0
"kai__0059738"	0	0	0	0	0	0	0	0	0.000533	0	0	0
"kai__0078119"	0	0	0	0	0	0	0	0	0.000533	0	0	0
"kai__0165695"	0	0	0	0	0	0	0	0	0.000533	0	0	0
"kai__0516086"	0	0	0	0	0	0	0	0	0.000533	0	0	0
"kai__1884449"	0	0	0	0	0	0	0	0	0.000533	0	0	0
"kai__0000226"	0	0	0	0	0	0	0	0	0.000523	0	0	0
"kai__0000846"	0	0	0	0	0	0	0	0	0.000523	0	0	0
"kai__0042837"	0	0	0	0	0	0	0	0	0.000523	0	0	0
"kai__0191769"	0	0	0	0	0	0	0	0	0.000523	0	0	0
"kai__0001218"	0	0	0	0	0	0	0	0	0.000512	0	0	0
"kai__0033926"	0	0	0	0	0	0	0	0	0.000512	0	0	0
"kai__0054293"	0	0	0	0	0	0	0	0	0.000512	0	0	0
"kai__0069578"	0	0	0	0	0	0	0	0	0.000512	0	0	0
"kai__0083681"	0	0	0	0	0	0	0	0	0.000512	0	0	0
"kai__0089966"	0	0	0	0	0	0	0	0	0.000512	0	0	0
"kai__0150333"	0	0	0	0	0	0	0	0	0.000512	0	0	0
"kai__0418453"	0	0	0	0	0	0	0	0	0.000512	0	0	0
"kai__0510701"	0	0	0	0	0	0	0	0	0.000512	0	0	0
"kai__1653174"	0	0	0	0	0	0	0	0	0.000512	0.000925	0	0
"kai__0291988"	0	0	0	0	0	0	0	0	0.000502	0	0	0
"kai__1331051"	0	0	0	0	0	0	0	0	0.000502	0	0	0
"kai__2035811"	0	0	0	0	0	0	0	0	0.000502	0	0	0
"kai__2282743"	0	0	0	0	0	0	0	0	0.000502	0	0	0
"kai__0171412"	0	0	0	0	0	0	0	0	0.000491	0	0	0
"kai__0375928"	0	0	0	0	0	0	0	0	0.000491	0	0	0
"kai__0416916"	0	0	0	0	0	0	0	0	0.000491	0	0	0
"kai__1935206"	0	0	0	0	0	0	0	0	0.000491	0	0	0
"kai__2035349"	0	0	0	0	0	0	0	0	0.000491	0	0	0
"kai__2507545"	0	0	0	0	0	0	0	0	0.000491	0	0	0
"kai__0057665"	0	0	0	0	0	0	0	0	0.000481	0	0	0
"kai__0206664"	0	0	0	0	0	0	0	0	0.000481	0	0	0
"kai__1940406"	0	0	0	0	0	0	0	0	0.000481	0	0	0
"kai__0000475"	0	0	0	0	0	0	0	0	0.000471	0	0	0
"kai__0697279"	0	0	0	0	0	0	0	0	0.000471	0	0	0
"kai__1502725"	0	0	0	0	0	0	0	0	0.000471	0	0	0
"kai__0000270"	0	0	0	0	0	0	0	0	0.00046	0	0	0
"kai__0001865"	0	0	0	0	0	0	0	0	0.00046	0	0	0.002542
"kai__0028261"	0	0	0	0	0	0	0	0	0.00046	0	0	0
"kai__0173479"	0	0	0	0	0	0	0	0	0.00046	0	0	0
"kai__1129704"	0	0	0	0	0	0	0	0	0.00046	0	0	0
"kai__1221880"	0	0	0	0	0	0	0	0	0.00046	0	0	0
"kai__1973272"	0	0	0	0	0	0	0	0	0.00046	0	0	0
"kai__0000265"	0	0	0	0	0	0	0	0	0.00045	0.001893	0	0
"kai__0001813"	0	0	0	0	0	0	0	0	0.00045	0	0	0
"kai__0043988"	0	0	0	0	0	0	0	0	0.00045	0	0	0
"kai__0066848"	0	0	0	0	0	0	0	0	0.00045	0	0	0
"kai__0165697"	0	0	0	0	0	0	0	0	0.00045	0	0	0
"kai__0379899"	0	0	0	0	0	0	0	0	0.00045	0	0	0
"kai__1912215"	0	0	0	0	0	0	0	0	0.00045	0.000572	0	0
"kai__1930830"	0	0	0	0	0	0	0	0	0.00045	0	0	0
"kai__0000544"	0	0	0	0	0	0	0	0	0.000439	0	0	0
"kai__0002422"	0	0	0	0	0	0	0	0	0.000439	0	0	0
"kai__0070994"	0	0	0	0	0	0	0	0	0.000439	0	0	0
"kai__0076833"	0	0	0	0	0	0	0	0	0.000439	0	0	0
"kai__0110932"	0	0	0	0	0	0	0	0	0.000439	0	0	0
"kai__0111500"	0	0	0	0	0	0	0	0	0.000439	0	0	0
"kai__0255204"	0	0	0	0	0	0	0	0	0.000439	0.000969	0	0
"kai__0670486"	0	0	0	0	0	0	0	0	0.000439	0	0	0
"kai__0862071"	0	0	0	0	0	0	0	0	0.000439	0	0	0
"kai__1494427"	0	0	0	0	0	0	0	0	0.000439	0	0	0
"kai__1573808"	0	0	0	0	0	0	0	0	0.000439	0	0	0
"kai__0002222"	0	0	0	0	0	0	0	0	0.000429	0	0	0
"kai__0447020"	0	0	0	0	0	0	0	0	0.000429	0	0	0
"kai__0000068"	0	0	0	0	0	0	0	0	0.000418	0.001409	0	0
"kai__0000896"	0	0	0	0	0	0	0	0	0.000418	0	0	0
"kai__0064159"	0	0	0	0	0	0	0	0	0.000418	0	0	0
"kai__0142587"	0	0	0	0	0	0	0	0	0.000418	0	0	0
"kai__0265570"	0	0	0	0	0	0	0	0	0.000418	0	0	0
"kai__0000745"	0	0	0	0	0	0	0	0	0.000408	0	0	0.00416
"kai__0000978"	0	0	0	0	0	0	0	0	0.000408	0	0	0
"kai__0001186"	0	0	0	0	0	0	0	0	0.000408	0	0	0
"kai__0048073"	0	0	0	0	0	0	0	0	0.000408	0	0	0
"kai__0104267"	0	0	0	0	0	0	0	0	0.000408	0	0	0
"kai__1236988"	0	0	0	0	0	0	0	0	0.000408	0	0	0
"kai__1866885"	0	0	0	0	0	0	0	0	0.000408	0	0	0
"kai__2498709"	0	0	0	0	0	0	0	0	0.000408	0	0	0
"kai__0000535"	0	0	0	0	0	0	0	0	0.000397	0	0	0
"kai__0029393"	0	0	0	0	0	0	0	0	0.000397	0	0	0
"kai__0032205"	0	0	0	0	0	0	0	0	0.000397	0	0	0
"kai__0202746"	0	0	0	0	0	0	0	0	0.000397	0	0	0
"kai__0623282"	0	0	0	0	0	0	0	0	0.000397	0	0	0
"kai__1326739"	0	0	0	0	0	0	0	0	0.000397	0	0	0
"kai__1634037"	0	0	0	0	0	0	0	0	0.000397	0	0	0
"kai__1648511"	0	0	0	0	0	0	0	0	0.000397	0	0	0
"kai__0000179"	0	0	0	0	0	0	0	0	0.000387	0	0	0
"kai__0000963"	0	0	0	0	0	0	0	0	0.000387	0	0	0
"kai__0001152"	0	0	0	0	0	0	0	0	0.000387	0	0	0
"kai__0035823"	0	0	0	0	0	0	0	0	0.000387	0	0	0
"kai__0040222"	0	0	0	0	0	0	0	0	0.000387	0	0	0
"kai__0060919"	0	0	0	0	0	0	0	0	0.000387	0.000881	0	0
"kai__0136491"	0	0	0	0	0	0	0	0	0.000387	0	0	0
"kai__0155977"	0	0	0	0	0	0	0	0	0.000387	0	0	0
"kai__0182899"	0	0	0	0	0	0	0	0	0.000387	0	0	0
"kai__0354354"	0	0	0	0	0	0	0	0	0.000387	0	0	0
"kai__0000081"	0	0	0	0	0	0	0	0	0.000376	0	0	0
"kai__0000958"	0	0	0	0	0	0	0	0	0.000376	0	0	0
"kai__0042255"	0	0	0	0	0	0	0	0	0.000376	0	0	0
"kai__0053246"	0	0	0	0	0	0	0	0	0.000376	0	0	0
"kai__0327159"	0	0	0	0	0	0	0	0	0.000376	0	0	0
"kai__0414371"	0	0	0	0	0	0	0	0	0.000376	0	0	0
"kai__0484508"	0	0	0	0	0	0	0	0	0.000376	0	0	0
"kai__1612157"	0	0	0	0	0	0	0	0	0.000376	0	0	0
"kai__1911565"	0	0	0	0	0	0	0	0	0.000376	0	0	0
"kai__0000075"	0	0	0	0	0	0	0	0	0.000366	0	0	0
"kai__0029526"	0	0	0	0	0	0	0	0	0.000366	0	0	0
"kai__0045247"	0	0	0	0	0	0	0	0	0.000366	0	0	0
"kai__0047251"	0	0	0	0	0	0	0	0	0.000366	0	0	0
"kai__0052959"	0	0	0	0	0	0	0	0	0.000366	0	0	0
"kai__0068335"	0	0	0	0	0	0	0	0	0.000366	0	0	0
"kai__0204037"	0	0	0	0	0	0	0	0	0.000366	0	0	0
"kai__0308865"	0	0	0	0	0	0	0	0	0.000366	0	0	0
"kai__0442430"	0	0	0	0	0	0	0	0	0.000366	0	0	0
"kai__0467084"	0	0	0	0	0	0	0	0	0.000366	0	0	0
"kai__0475965"	0	0	0	0	0	0	0	0	0.000366	0	0	0
"kai__1860139"	0	0	0	0	0	0	0	0	0.000366	0	0	0
"kai__1912217"	0	0	0	0	0	0	0	0	0.000366	0.00044	0	0
"kai__0000843"	0	0	0	0	0	0	0	0	0.000356	0	0	0
"kai__0150059"	0	0	0	0	0	0	0	0	0.000356	0	0	0
"kai__0351195"	0	0	0	0	0	0	0	0	0.000356	0	0	0
"kai__0416949"	0	0	0	0	0	0	0	0	0.000356	0.000616	0	0
"kai__1155934"	0	0	0	0	0	0	0	0	0.000356	0	0	0
"kai__1335745"	0	0	0	0	0	0	0	0	0.000356	0	0	0
"kai__1649478"	0	0	0	0	0	0	0	0	0.000356	0	0	0
"kai__1905726"	0	0	0	0	0	0	0	0	0.000356	0	0	0
"kai__2483368"	0	0	0	0	0	0	0	0	0.000356	0	0	0
"kai__0001740"	0	0	0	0	0	0	0	0	0.000345	0	0	0
"kai__0076890"	0	0	0	0	0	0	0	0	0.000345	0	0	0
"kai__0160798"	0	0	0	0	0	0	0	0	0.000345	0	0	0
"kai__0202949"	0	0	0	0	0	0	0	0	0.000345	0	0	0
"kai__0294702"	0	0	0	0	0	0	0	0	0.000345	0	0	0
"kai__0551771"	0	0	0	0	0	0	0	0	0.000345	0	0	0
"kai__0665874"	0	0	0	0	0	0	0	0	0.000345	0	0	0
"kai__1522429"	0	0	0	0	0	0	0	0	0.000345	0	0	0
"kai__0001177"	0	0	0	0	0	0	0	0	0.000335	0	0	0
"kai__0002735"	0	0	0	0	0	0	0	0	0.000335	0	0	0
"kai__0043773"	0	0	0	0	0	0	0	0	0.000335	0	0	0
"kai__0083618"	0	0	0	0	0	0	0	0	0.000335	0.000748	0	0
"kai__0084404"	0	0	0	0	0	0	0	0	0.000335	0	0	0
"kai__0428711"	0	0	0	0	0	0	0	0	0.000335	0	0	0
"kai__0000283"	0	0	0	0	0	0	0	0	0.000324	0	0	0
"kai__0000586"	0	0	0	0	0	0	0	0	0.000324	0	0	0
"kai__0002204"	0	0	0	0	0	0	0	0	0.000324	0	0	0
"kai__0112008"	0	0	0	0	0	0	0	0	0.000324	0	0	0
"kai__0367298"	0	0	0	0	0	0	0	0	0.000324	0	0	0
"kai__1291539"	0	0	0	0	0	0	0	0	0.000324	0	0	0
"kai__1408194"	0	0	0	0	0	0	0	0	0.000324	0	0	0
"kai__1940407"	0	0	0	0	0	0	0	0	0.000324	0	0	0
"kai__0000551"	0	0	0	0	0	0	0	0	0.000314	0	0	0
"kai__0002071"	0	0	0	0	0	0	0	0	0.000314	0	0	0
"kai__0002220"	0	0	0	0	0	0	0	0	0.000314	0	0	0
"kai__0033877"	0	0	0	0	0	0	0	0	0.000314	0	0	0
"kai__0068288"	0	0	0	0	0	0	0	0	0.000314	0	0	0
"kai__0071655"	0	0	0	0	0	0	0	0	0.000314	0	0	0
"kai__0075309"	0	0	0	0	0	0	0	0	0.000314	0	0	0
"kai__0149698"	0	0	0	0	0	0	0	0	0.000314	0	0	0
"kai__0167639"	0	0	0	0	0	0	0	0	0.000314	0	0	0
"kai__0207599"	0	0	0	0	0	0	0	0	0.000314	0	0	0
"kai__0231454"	0	0	0	0	0	0	0	0	0.000314	0	0	0
"kai__0233191"	0	0	0	0	0	0	0	0	0.000314	0	0	0
"kai__0649460"	0	0	0	0	0	0	0	0	0.000314	0	0	0
"kai__1182780"	0	0	0	0	0	0	0	0	0.000314	0	0	0
"kai__1607807"	0	0	0	0	0	0	0	0	0.000314	0	0	0
"kai__1923871"	0	0	0	0	0	0	0	0	0.000314	0	0	0
"kai__2019482"	0	0	0	0	0	0	0	0	0.000314	0	0	0
"kai__0000020"	0	0	0	0	0	0	0	0	0.000303	0	0	0
"kai__0001091"	0	0	0	0	0	0	0	0	0.000303	0	0	0
"kai__0001234"	0	0	0	0	0	0	0	0	0.000303	0	0	0
"kai__0001370"	0	0	0	0	0	0	0	0	0.000303	0	0	0
"kai__0002733"	0	0	0	0	0	0	0	0	0.000303	0	0	0
"kai__0033976"	0	0	0	0	0	0	0	0	0.000303	0	0	0
"kai__0034072"	0	0	0	0	0	0	0	0	0.000303	0	0	0
"kai__0161492"	0	0	0	0	0	0	0	0	0.000303	0	0	0
"kai__0363276"	0	0	0	0	0	0	0	0	0.000303	0	0	0
"kai__0392733"	0	0	0	0	0	0	0	0	0.000303	0	0	0
"kai__0456826"	0	0	0	0	0	0	0	0	0.000303	0	0	0
"kai__1255275"	0	0	0	0	0	0	0	0	0.000303	0	0	0
"kai__1433300"	0	0	0	0	0	0	0	0	0.000303	0	0	0
"kai__1434028"	0	0	0	0	0	0	0	0	0.000303	0	0	0
"kai__2017975"	0	0	0	0	0	0	0	0	0.000303	0	0	0
"kai__2026179"	0	0	0	0	0	0	0	0	0.000303	0	0	0
"kai__2170555"	0	0	0	0	0	0	0	0	0.000303	0	0	0
"kai__2508983"	0	0	0	0	0	0	0	0	0.000303	0	0	0
"kai__0001988"	0	0	0	0	0	0	0	0	0.000293	0	0	0
"kai__0034084"	0	0	0	0	0	0	0	0	0.000293	0	0	0
"kai__0035838"	0	0	0	0	0	0	0	0	0.000293	0	0	0
"kai__0049894"	0	0	0	0	0	0	0	0	0.000293	0	0	0
"kai__0053460"	0	0	0	0	0	0	0	0	0.000293	0	0	0
"kai__0106633"	0	0	0	0	0	0	0	0	0.000293	0	0	0
"kai__0265488"	0	0	0	0	0	0	0	0	0.000293	0	0	0
"kai__0281915"	0	0	0	0	0	0	0	0	0.000293	0	0	0
"kai__0293088"	0	0	0	0	0	0	0	0	0.000293	0	0	0
"kai__0307628"	0	0	0	0	0	0	0	0	0.000293	0	0	0
"kai__0351094"	0	0	0	0	0	0	0	0	0.000293	0	0	0
"kai__0393029"	0	0	0	0	0	0	0	0	0.000293	0	0	0
"kai__0482460"	0	0	0	0	0	0	0	0	0.000293	0	0	0
"kai__0633405"	0	0	0	0	0	0	0	0	0.000293	0	0	0
"kai__1193324"	0	0	0	0	0	0	0	0	0.000293	0	0	0
"kai__1495038"	0	0	0	0	0	0	0	0	0.000293	0	0	0
"kai__1582879"	0	0	0	0	0	0	0	0	0.000293	0	0	0
"kai__1676651"	0	0	0	0	0	0	0	0	0.000293	0	0	0
"kai__1677050"	0	0	0	0	0	0	0	0	0.000293	0	0	0
"kai__0000357"	0	0	0	0	0	0	0	0	0.000282	0	0	0
"kai__0065551"	0	0	0	0	0	0	0	0	0.000282	0	0	0
"kai__0076831"	0	0	0	0	0	0	0	0	0.000282	0	0	0
"kai__0178440"	0	0	0	0	0	0	0	0	0.000282	0	0	0
"kai__0192987"	0	0	0	0	0	0	0	0	0.000282	0	0	0.002311
"kai__0261933"	0	0	0	0	0	0	0	0	0.000282	0	0	0
"kai__0312278"	0	0	0	0	0	0	0	0	0.000282	0	0	0
"kai__0331971"	0	0	0	0	0	0	0	0	0.000282	0	0	0
"kai__0361177"	0	0	0	0	0	0	0	0	0.000282	0	0	0
"kai__0768669"	0	0	0	0	0	0	0	0	0.000282	0	0	0
"kai__1434045"	0	0	0	0	0	0	0	0	0.000282	0	0	0
"kai__1609627"	0	0	0	0	0	0	0	0	0.000282	0	0	0
"kai__0000629"	0	0	0	0	0	0	0	0	0.000272	0	0	0
"kai__0001056"	0	0	0	0	0	0	0	0	0.000272	0	0	0
"kai__0002289"	0	0	0	0	0	0	0	0	0.000272	0	0	0
"kai__0032012"	0	0	0	0	0	0	0	0	0.000272	0	0	0
"kai__0032636"	0	0	0	0	0	0	0	0	0.000272	0	0	0
"kai__0041275"	0	0	0	0	0	0	0	0	0.000272	0	0	0
"kai__0227388"	0	0	0	0	0	0	0	0	0.000272	0	0	0
"kai__0228398"	0	0	0	0	0	0	0	0	0.000272	0	0	0
"kai__0290180"	0	0	0	0	0	0	0	0	0.000272	0	0	0
"kai__0437506"	0	0	0	0	0	0	0	0	0.000272	0	0	0
"kai__0475960"	0	0	0	0	0	0	0	0	0.000272	0	0	0
"kai__1005722"	0	0	0	0	0	0	0	0	0.000272	0	0	0
"kai__1236218"	0	0	0	0	0	0	0	0	0.000272	0	0	0
"kai__0000780"	0	0	0	0	0	0	0	0	0.000261	0	0	0
"kai__0002063"	0	0	0	0	0	0	0	0	0.000261	0	0	0
"kai__0035798"	0	0	0	0	0	0	0	0	0.000261	0	0	0
"kai__0045989"	0	0	0	0	0	0	0	0	0.000261	0	0	0
"kai__0142841"	0	0	0	0	0	0	0	0	0.000261	0	0	0
"kai__0196081"	0	0	0	0	0	0	0	0	0.000261	0	0	0
"kai__0241192"	0	0	0	0	0	0	0	0	0.000261	0	0	0
"kai__0254250"	0	0	0	0	0	0	0	0	0.000261	0	0	0
"kai__0292480"	0	0	0	0	0	0	0	0	0.000261	0.000748	0	0
"kai__0651456"	0	0	0	0	0	0	0	0	0.000261	0	0	0
"kai__0700450"	0	0	0	0	0	0	0	0	0.000261	0	0	0
"kai__1270155"	0	0	0	0	0	0	0	0	0.000261	0	0	0
"kai__1379908"	0	0	0	0	0	0	0	0	0.000261	0	0	0
"kai__1940395"	0	0	0	0	0	0	0	0	0.000261	0	0	0
"kai__2024958"	0	0	0	0	0	0	0	0	0.000261	0	0	0
"kai__2034765"	0	0	0	0	0	0	0	0	0.000261	0	0	0
"kai__0000933"	0	0	0	0	0	0	0	0	0.000251	0	0	0
"kai__0028105"	0	0	0	0	0	0	0	0	0.000251	0	0	0
"kai__0073918"	0	0	0	0	0	0	0	0	0.000251	0	0	0
"kai__0332102"	0	0	0	0	0	0	0	0	0.000251	0	0	0
"kai__0545865"	0	0	0	0	0	0	0	0	0.000251	0	0	0
"kai__0941338"	0	0	0	0	0	0	0	0	0.000251	0	0	0
"kai__1434702"	0	0	0	0	0	0	0	0	0.000251	0	0	0
"kai__1648500"	0	0	0	0	0	0	0	0	0.000251	0	0	0
"kai__1824856"	0	0	0	0	0	0	0	0	0.000251	0	0	0
"kai__1912771"	0	0	0	0	0	0	0	0	0.000251	0	0	0
"kai__1924101"	0	0	0	0	0	0	0	0	0.000251	0	0	0
"kai__0000064"	0	0	0	0	0	0	0	0	0.00024	0	0	0
"kai__0000499"	0	0	0	0	0	0	0	0	0.00024	0	0	0
"kai__0000773"	0	0	0	0	0	0	0	0	0.00024	0	0	0
"kai__0000936"	0	0	0	0	0	0	0	0	0.00024	0	0	0
"kai__0001125"	0	0	0	0	0	0	0	0	0.00024	0	0	0
"kai__0002263"	0	0	0	0	0	0	0	0	0.00024	0	0	0
"kai__0012916"	0	0	0	0	0	0	0	0	0.00024	0	0	0
"kai__0028253"	0	0	0	0	0	0	0	0	0.00024	0	0	0
"kai__0033981"	0	0	0	0	0	0	0	0	0.00024	0	0	0
"kai__0081466"	0	0	0	0	0	0	0	0	0.00024	0	0	0
"kai__0135575"	0	0	0	0	0	0	0	0	0.00024	0	0	0
"kai__0198251"	0	0	0	0	0	0	0	0	0.00024	0	0	0
"kai__0269773"	0	0	0	0	0	0	0	0	0.00024	0	0	0
"kai__0314318"	0	0	0	0	0	0	0	0	0.00024	0	0	0
"kai__0866673"	0	0	0	0	0	0	0	0	0.00024	0	0	0
"kai__1004301"	0	0	0	0	0	0	0	0	0.00024	0	0	0
"kai__1505768"	0	0	0	0	0	0	0	0	0.00024	0	0	0
"kai__1926651"	0	0	0	0	0	0	0	0	0.00024	0	0	0
"kai__1960084"	0	0	0	0	0	0	0	0	0.00024	0	0	0
"kai__0000032"	0	0	0	0	0	0	0	0	0.00023	0	0	0
"kai__0000441"	0	0	0	0	0	0	0	0	0.00023	0	0	0
"kai__0000497"	0	0	0	0	0	0	0	0	0.00023	0	0	0
"kai__0013134"	0	0	0	0	0	0	0	0	0.00023	0	0	0
"kai__0039643"	0	0	0	0	0	0	0	0	0.00023	0	0	0
"kai__0048075"	0	0	0	0	0	0	0	0	0.00023	0	0	0
"kai__0063132"	0	0	0	0	0	0	0	0	0.00023	0	0	0
"kai__0091914"	0	0	0	0	0	0	0	0	0.00023	0	0	0
"kai__0109169"	0	0	0	0	0	0	0	0	0.00023	0	0	0
"kai__0119977"	0	0	0	0	0	0	0	0	0.00023	0	0	0
"kai__0160795"	0	0	0	0	0	0	0	0	0.00023	0	0	0
"kai__0213223"	0	0	0	0	0	0	0	0	0.00023	0	0	0
"kai__0252356"	0	0	0	0	0	0	0	0	0.00023	0	0.006617	0
"kai__0292486"	0	0	0	0	0	0	0	0	0.00023	0	0	0
"kai__0338321"	0	0	0	0	0	0	0	0	0.00023	0	0	0
"kai__0466152"	0	0	0	0	0	0	0	0	0.00023	0	0	0
"kai__0648800"	0	0	0	0	0	0	0	0	0.00023	0	0	0
"kai__0767528"	0	0	0	0	0	0	0	0	0.00023	0	0	0
"kai__1511648"	0	0	0	0	0	0	0	0	0.00023	0	0	0
"kai__1649501"	0	0	0	0	0	0	0	0	0.00023	0	0	0
"kai__1652133"	0	0	0	0	0	0	0	0	0.00023	0	0	0
"kai__1676125"	0	0	0	0	0	0	0	0	0.00023	0	0	0
"kai__0000222"	0	0	0	0	0	0	0	0	0.00022	0	0	0
"kai__0001651"	0	0	0	0	0	0	0	0	0.00022	0	0	0
"kai__0002184"	0	0	0	0	0	0	0	0	0.00022	0	0	0
"kai__0002202"	0	0	0	0	0	0	0	0	0.00022	0	0	0
"kai__0002420"	0	0	0	0	0	0	0	0	0.00022	0	0	0
"kai__0028222"	0	0	0	0	0	0	0	0	0.00022	0	0	0
"kai__0038501"	0	0	0	0	0	0	0	0	0.00022	0	0	0
"kai__0044013"	0	0	0	0	0	0	0	0	0.00022	0	0	0
"kai__0046123"	0	0	0	0	0	0	0	0	0.00022	0	0	0
"kai__0067575"	0	0	0	0	0	0	0	0	0.00022	0	0	0
"kai__0081463"	0	0	0	0	0	0	0	0	0.00022	0	0	0
"kai__0085413"	0	0	0	0	0	0	0	0	0.00022	0	0	0
"kai__0156993"	0	0	0	0	0	0	0	0	0.00022	0	0	0
"kai__0186650"	0	0	0	0	0	0	0	0	0.00022	0	0	0
"kai__0290174"	0	0	0	0	0	0	0	0	0.00022	0	0	0
"kai__0390846"	0	0	0	0	0	0	0	0	0.00022	0	0	0
"kai__0392825"	0	0	0	0	0	0	0	0	0.00022	0	0	0
"kai__0485576"	0	0	0	0	0	0	0	0	0.00022	0	0	0
"kai__0649462"	0	0	0	0	0	0	0	0	0.00022	0	0	0
"kai__1082930"	0	0	0	0	0	0	0	0	0.00022	0	0	0
"kai__1573806"	0	0	0	0	0	0	0	0	0.00022	0	0	0
"kai__1643951"	0	0	0	0	0	0	0	0	0.00022	0	0	0
"kai__0001041"	0	0	0	0	0	0	0	0	0.000209	0	0	0
"kai__0002717"	0	0	0	0	0	0	0	0	0.000209	0	0	0
"kai__0029298"	0	0	0	0	0	0	0	0	0.000209	0	0	0
"kai__0034008"	0	0	0	0	0	0	0	0	0.000209	0	0	0
"kai__0046352"	0	0	0	0	0	0	0	0	0.000209	0.005371	0	0
"kai__0048463"	0	0	0	0	0	0	0	0	0.000209	0	0	0
"kai__0053318"	0	0	0	0	0	0	0	0	0.000209	0	0	0
"kai__0075984"	0	0	0	0	0	0	0	0	0.000209	0	0	0
"kai__0081461"	0	0	0	0	0	0	0	0	0.000209	0	0	0
"kai__0122277"	0	0	0	0	0	0	0	0	0.000209	0	0	0
"kai__0153265"	0	0	0	0	0	0	0	0	0.000209	0	0	0
"kai__0171868"	0	0	0	0	0	0	0	0	0.000209	0	0	0
"kai__0177399"	0	0	0	0	0	0	0	0	0.000209	0	0	0
"kai__0182623"	0	0	0	0	0	0	0	0	0.000209	0	0	0
"kai__0236052"	0	0	0	0	0	0	0	0	0.000209	0	0	0
"kai__0236756"	0	0	0	0	0	0	0	0	0.000209	0	0	0
"kai__0299566"	0	0	0	0	0	0	0	0	0.000209	0	0	0
"kai__0305899"	0	0	0	0	0	0	0	0	0.000209	0	0	0
"kai__0395331"	0	0	0	0	0	0	0	0	0.000209	0	0	0
"kai__0471798"	0	0	0	0	0	0	0	0	0.000209	0	0	0
"kai__0475961"	0	0	0	0	0	0	0	0	0.000209	0	0	0
"kai__0908623"	0	0	0	0	0	0	0	0	0.000209	0	0	0
"kai__1616789"	0	0	0	0	0	0	0	0	0.000209	0	0	0
"kai__1686313"	0	0	0	0	0	0	0	0	0.000209	0	0	0
"kai__1738642"	0	0	0	0	0	0	0	0	0.000209	0	0	0
"kai__1827195"	0	0	0	0	0	0	0	0	0.000209	0	0	0
"kai__0000085"	0	0	0	0	0	0	0	0	0.000199	0	0	0
"kai__0033886"	0	0	0	0	0	0	0	0	0.000199	0	0	0
"kai__0047670"	0	0	0	0	0	0	0	0	0.000199	0	0	0
"kai__0089092"	0	0	0	0	0	0	0	0	0.000199	0	0	0
"kai__0166953"	0	0	0	0	0	0	0	0	0.000199	0	0	0
"kai__0168934"	0	0	0	0	0	0	0	0	0.000199	0	0	0
"kai__0319458"	0	0	0	0	0	0	0	0	0.000199	0	0	0
"kai__0358023"	0	0	0	0	0	0	0	0	0.000199	0	0	0
"kai__0453229"	0	0	0	0	0	0	0	0	0.000199	0	0	0
"kai__0497721"	0	0	0	0	0	0	0	0	0.000199	0	0	0
"kai__0555078"	0	0	0	0	0	0	0	0	0.000199	0	0	0
"kai__1170227"	0	0	0	0	0	0	0	0	0.000199	0	0	0
"kai__1249554"	0	0	0	0	0	0	0	0	0.000199	0	0	0
"kai__1400134"	0	0	0	0	0	0	0	0	0.000199	0	0	0
"kai__1778601"	0	0	0	0	0	0	0	0	0.000199	0	0	0
"kai__1868323"	0	0	0	0	0	0	0	0	0.000199	0	0	0
"kai__0000010"	0	0	0	0	0	0	0	0	0.000188	0	0	0
"kai__0013275"	0	0	0	0	0	0	0	0	0.000188	0	0	0
"kai__0035836"	0	0	0	0	0	0	0	0	0.000188	0	0	0
"kai__0045654"	0	0	0	0	0	0	0	0	0.000188	0	0	0
"kai__0058050"	0	0	0	0	0	0	0	0	0.000188	0	0	0
"kai__0071151"	0	0	0	0	0	0	0	0	0.000188	0	0	0
"kai__0074030"	0	0	0	0	0	0	0	0	0.000188	0	0	0
"kai__0213485"	0	0	0	0	0	0	0	0	0.000188	0	0	0
"kai__0230494"	0	0	0	0	0	0	0	0	0.000188	0	0	0
"kai__0265976"	0	0	0	0	0	0	0	0	0.000188	0	0	0
"kai__0285107"	0	0	0	0	0	0	0	0	0.000188	0	0	0
"kai__0331654"	0	0	0	0	0	0	0	0	0.000188	0	0	0
"kai__0334107"	0	0	0	0	0	0	0	0	0.000188	0	0	0
"kai__0392332"	0	0	0	0	0	0	0	0	0.000188	0	0	0
"kai__1215913"	0	0	0	0	0	0	0	0	0.000188	0	0	0
"kai__2066435"	0	0	0	0	0	0	0	0	0.000188	0	0	0
"kai__0000187"	0	0	0	0	0	0	0	0	0.000178	0	0	0
"kai__0001107"	0	0	0	0	0	0	0	0	0.000178	0	0	0
"kai__0002175"	0	0	0	0	0	0	0	0	0.000178	0	0	0
"kai__0028186"	0	0	0	0	0	0	0	0	0.000178	0	0	0
"kai__0028228"	0	0	0	0	0	0	0	0	0.000178	0	0	0
"kai__0033874"	0	0	0	0	0	0	0	0	0.000178	0	0	0
"kai__0044675"	0	0	0	0	0	0	0	0	0.000178	0	0	0
"kai__0046238"	0	0	0	0	0	0	0	0	0.000178	0	0	0
"kai__0051194"	0	0	0	0	0	0	0	0	0.000178	0	0	0
"kai__0094008"	0	0	0	0	0	0	0	0	0.000178	0	0	0
"kai__0100715"	0	0	0	0	0	0	0	0	0.000178	0	0	0
"kai__0112987"	0	0	0	0	0	0	0	0	0.000178	0	0	0
"kai__0227873"	0	0	0	0	0	0	0	0	0.000178	0	0	0
"kai__0245186"	0	0	0	0	0	0	0	0	0.000178	0	0	0
"kai__0283735"	0	0	0	0	0	0	0	0	0.000178	0	0	0
"kai__0290731"	0	0	0	0	0	0	0	0	0.000178	0	0	0
"kai__0332162"	0	0	0	0	0	0	0	0	0.000178	0	0	0
"kai__0447237"	0	0	0	0	0	0	0	0	0.000178	0	0	0
"kai__0500614"	0	0	0	0	0	0	0	0	0.000178	0	0	0
"kai__0630723"	0	0	0	0	0	0	0	0	0.000178	0	0	0
"kai__0909928"	0	0	0	0	0	0	0	0	0.000178	0	0	0
"kai__1004303"	0	0	0	0	0	0	0	0	0.000178	0	0	0
"kai__1077265"	0	0	0	0	0	0	0	0	0.000178	0	0	0
"kai__1217415"	0	0	0	0	0	0	0	0	0.000178	0	0	0
"kai__1254401"	0	0	0	0	0	0	0	0	0.000178	0	0	0
"kai__1795789"	0	0	0	0	0	0	0	0	0.000178	0	0	0
"kai__1914234"	0	0	0	0	0	0	0	0	0.000178	0	0	0
"kai__1980685"	0	0	0	0	0	0	0	0	0.000178	0	0	0
"kai__2094023"	0	0	0	0	0	0	0	0	0.000178	0	0	0
"kai__0000105"	0	0	0	0	0	0	0	0	0.000167	0	0	0
"kai__0000138"	0	0	0	0	0	0	0	0	0.000167	0	0	0
"kai__0000953"	0	0	0	0	0	0	0	0	0.000167	0	0	0
"kai__0001060"	0	0	0	0	0	0	0	0	0.000167	0	0	0
"kai__0001070"	0	0	0	0	0	0	0	0	0.000167	0	0	0
"kai__0001111"	0	0	0	0	0	0	0	0	0.000167	0	0	0
"kai__0002299"	0	0	0	0	0	0	0	0	0.000167	0	0	0
"kai__0028065"	0	0	0	0	0	0	0	0	0.000167	0	0	0
"kai__0033071"	0	0	0	0	0	0	0	0	0.000167	0	0	0
"kai__0033969"	0	0	0	0	0	0	0	0	0.000167	0	0	0
"kai__0046200"	0	0	0	0	0	0	0	0	0.000167	0	0	0
"kai__0057499"	0	0	0	0	0	0	0	0	0.000167	0	0	0
"kai__0065097"	0	0	0	0	0	0	0	0	0.000167	0	0	0
"kai__0081411"	0	0	0	0	0	0	0	0	0.000167	0	0	0
"kai__0106591"	0	0	0	0	0	0	0	0	0.000167	0	0	0
"kai__0125216"	0	0	0	0	0	0	0	0	0.000167	0	0	0
"kai__0157920"	0	0	0	0	0	0	0	0	0.000167	0	0	0
"kai__0212743"	0	0	0	0	0	0	0	0	0.000167	0	0	0
"kai__0245876"	0	0	0	0	0	0	0	0	0.000167	0	0	0
"kai__0256846"	0	0	0	0	0	0	0	0	0.000167	0	0	0
"kai__0271087"	0	0	0	0	0	0	0	0	0.000167	0	0	0
"kai__0347533"	0	0	0	0	0	0	0	0	0.000167	0	0	0
"kai__0361050"	0	0	0	0	0	0	0	0	0.000167	0	0	0
"kai__0407021"	0	0	0	0	0	0	0	0	0.000167	0	0	0
"kai__0427077"	0	0	0	0	0	0	0	0	0.000167	0	0	0
"kai__0497742"	0	0	0	0	0	0	0	0	0.000167	0	0	0
"kai__0743714"	0	0	0	0	0	0	0	0	0.000167	0	0	0
"kai__1007082"	0	0	0	0	0	0	0	0	0.000167	0	0	0
"kai__1172191"	0	0	0	0	0	0	0	0	0.000167	0	0	0
"kai__1193515"	0	0	0	0	0	0	0	0	0.000167	0	0	0
"kai__1742993"	0	0	0	0	0	0	0	0	0.000167	0	0	0
"kai__1792239"	0	0	0	0	0	0	0	0	0.000167	0	0	0
"kai__0000429"	0	0	0	0	0	0	0	0	0.000157	0	0	0
"kai__0001030"	0	0	0	0	0	0	0	0	0.000157	0	0	0
"kai__0001849"	0	0	0	0	0	0	0	0	0.000157	0	0	0
"kai__0001860"	0	0	0	0	0	0	0	0	0.000157	0	0	0
"kai__0002225"	0	0	0	0	0	0	0	0	0.000157	0	0	0
"kai__0028884"	0	0	0	0	0	0	0	0	0.000157	0	0	0
"kai__0042417"	0	0	0	0	0	0	0	0	0.000157	0	0	0
"kai__0053572"	0	0	0	0	0	0	0	0	0.000157	0	0	0
"kai__0060136"	0	0	0	0	0	0	0	0	0.000157	0	0	0
"kai__0066862"	0	0	0	0	0	0	0	0	0.000157	0	0	0
"kai__0067572"	0	0	0	0	0	0	0	0	0.000157	0	0	0
"kai__0075687"	0	0	0	0	0	0	0	0	0.000157	0	0	0
"kai__0083551"	0	0	0	0	0	0	0	0	0.000157	0	0	0
"kai__0083766"	0	0	0	0	0	0	0	0	0.000157	0	0	0
"kai__0097050"	0	0	0	0	0	0	0	0	0.000157	0	0	0
"kai__0141450"	0	0	0	0	0	0	0	0	0.000157	0	0	0
"kai__0154116"	0	0	0	0	0	0	0	0	0.000157	0.000792	0	0
"kai__0168694"	0	0	0	0	0	0	0	0	0.000157	0	0	0
"kai__0187144"	0	0	0	0	0	0	0	0	0.000157	0	0	0
"kai__0218207"	0	0	0	0	0	0	0	0	0.000157	0	0	0
"kai__0323449"	0	0	0	0	0	0	0	0	0.000157	0	0	0
"kai__0373053"	0	0	0	0	0	0	0	0	0.000157	0	0	0
"kai__0380240"	0	0	0	0	0	0	0	0	0.000157	0	0	0
"kai__0414878"	0	0	0	0	0	0	0	0	0.000157	0	0	0
"kai__0427753"	0	0	0	0	0	0	0	0	0.000157	0	0	0
"kai__0504090"	0	0	0	0	0	0	0	0	0.000157	0	0	0
"kai__0655184"	0	0	0	0	0	0	0	0	0.000157	0	0	0
"kai__0682522"	0	0	0	0	0	0	0	0	0.000157	0	0	0
"kai__0908284"	0	0	0	0	0	0	0	0	0.000157	0	0	0
"kai__1114981"	0	0	0	0	0	0	0	0	0.000157	0	0	0
"kai__1184606"	0	0	0	0	0	0	0	0	0.000157	0	0	0
"kai__1303912"	0	0	0	0	0	0	0	0	0.000157	0	0	0
"kai__1649480"	0	0	0	0	0	0	0	0	0.000157	0	0	0
"kai__1937963"	0	0	0	0	0	0	0	0	0.000157	0	0	0
"kai__2202177"	0	0	0	0	0	0	0	0	0.000157	0	0	0
"kai__0000581"	0	0	0	0	0	0	0	0	0.000146	0	0	0
"kai__0001007"	0	0	0	0	0	0	0	0	0.000146	0	0	0
"kai__0029548"	0	0	0	0	0	0	0	0	0.000146	0	0	0
"kai__0033001"	0	0	0	0	0	0	0	0	0.000146	0	0	0
"kai__0034019"	0	0	0	0	0	0	0	0	0.000146	0	0	0
"kai__0034037"	0	0	0	0	0	0	0	0	0.000146	0	0	0
"kai__0035800"	0	0	0	0	0	0	0	0	0.000146	0	0	0
"kai__0040118"	0	0	0	0	0	0	0	0	0.000146	0	0	0
"kai__0058113"	0	0	0	0	0	0	0	0	0.000146	0.003082	0	0
"kai__0065496"	0	0	0	0	0	0	0	0	0.000146	0	0	0
"kai__0093171"	0	0	0	0	0	0	0	0	0.000146	0	0	0
"kai__0093217"	0	0	0	0	0	0	0	0	0.000146	0	0	0
"kai__0093682"	0	0	0	0	0	0	0	0	0.000146	0	0	0
"kai__0109168"	0	0	0	0	0	0	0	0	0.000146	0	0	0
"kai__0178469"	0	0	0	0	0	0	0	0	0.000146	0	0	0
"kai__0180541"	0	0	0	0	0	0	0	0	0.000146	0	0	0
"kai__0196118"	0	0	0	0	0	0	0	0	0.000146	0	0	0
"kai__0244698"	0	0	0	0	0	0	0	0	0.000146	0	0	0
"kai__0281472"	0	0	0	0	0	0	0	0	0.000146	0	0	0
"kai__0286130"	0	0	0	0	0	0	0	0	0.000146	0	0	0
"kai__0292637"	0	0	0	0	0	0	0	0	0.000146	0	0	0
"kai__0320933"	0	0	0	0	0	0	0	0	0.000146	0	0	0
"kai__0332157"	0	0	0	0	0	0	0	0	0.000146	0	0	0
"kai__0427922"	0	0	0	0	0	0	0	0	0.000146	0	0	0
"kai__0475966"	0	0	0	0	0	0	0	0	0.000146	0	0	0
"kai__0492233"	0	0	0	0	0	0	0	0	0.000146	0	0	0
"kai__0568987"	0	0	0	0	0	0	0	0	0.000146	0	0	0
"kai__0599651"	0	0	0	0	0	0	0	0	0.000146	0	0	0
"kai__0909931"	0	0	0	0	0	0	0	0	0.000146	0	0	0
"kai__1150774"	0	0	0	0	0	0	0	0	0.000146	0	0	0
"kai__1154586"	0	0	0	0	0	0	0	0	0.000146	0	0	0
"kai__1245590"	0	0	0	0	0	0	0	0	0.000146	0	0	0
"kai__1434046"	0	0	0	0	0	0	0	0	0.000146	0	0	0
"kai__1647178"	0	0	0	0	0	0	0	0	0.000146	0.001365	0	0
"kai__1649482"	0	0	0	0	0	0	0	0	0.000146	0	0	0
"kai__1775574"	0	0	0	0	0	0	0	0	0.000146	0	0	0
"kai__1884429"	0	0	0	0	0	0	0	0	0.000146	0	0	0
"kai__1937972"	0	0	0	0	0	0	0	0	0.000146	0	0	0
"kai__1980513"	0	0	0	0	0	0	0	0	0.000146	0	0	0
"kai__2056696"	0	0	0	0	0	0	0	0	0.000146	0	0	0
"kai__0001073"	0	0	0	0	0	0	0	0	0.000136	0	0	0
"kai__0002357"	0	0	0	0	0	0	0	0	0.000136	0	0	0
"kai__0028067"	0	0	0	0	0	0	0	0	0.000136	0	0	0
"kai__0029407"	0	0	0	0	0	0	0	0	0.000136	0	0	0
"kai__0033057"	0	0	0	0	0	0	0	0	0.000136	0	0	0
"kai__0044474"	0	0	0	0	0	0	0	0	0.000136	0	0	0
"kai__0046239"	0	0	0	0	0	0	0	0	0.000136	0	0	0
"kai__0052605"	0	0	0	0	0	0	0	0	0.000136	0	0	0
"kai__0053452"	0	0	0	0	0	0	0	0	0.000136	0	0	0
"kai__0059740"	0	0	0	0	0	0	0	0	0.000136	0	0	0
"kai__0076634"	0	0	0	0	0	0	0	0	0.000136	0	0	0
"kai__0081416"	0	0	0	0	0	0	0	0	0.000136	0	0	0
"kai__0082984"	0	0	0	0	0	0	0	0	0.000136	0	0	0
"kai__0099479"	0	0	0	0	0	0	0	0	0.000136	0	0	0
"kai__0118004"	0	0	0	0	0	0	0	0	0.000136	0	0	0
"kai__0136099"	0	0	0	0	0	0	0	0	0.000136	0	0	0
"kai__0146918"	0	0	0	0	0	0	0	0	0.000136	0	0	0
"kai__0146936"	0	0	0	0	0	0	0	0	0.000136	0	0	0
"kai__0160674"	0	0	0	0	0	0	0	0	0.000136	0	0	0
"kai__0212790"	0	0	0	0	0	0	0	0	0.000136	0	0	0
"kai__0258255"	0	0	0	0	0	0	0	0	0.000136	0	0	0
"kai__0366614"	0	0	0	0	0	0	0	0	0.000136	0	0	0
"kai__0422440"	0	0	0	0	0	0	0	0	0.000136	0	0	0
"kai__0453849"	0	0	0	0	0	0	0	0	0.000136	0	0	0
"kai__0458032"	0	0	0	0	0	0	0	0	0.000136	0	0	0
"kai__0478070"	0	0	0	0	0	0	0	0	0.000136	0	0	0
"kai__0496496"	0	0	0	0	0	0	0	0	0.000136	0	0	0
"kai__0655352"	0	0	0	0	0	0	0	0	0.000136	0	0	0
"kai__0666508"	0	0	0	0	0	0	0	0	0.000136	0	0	0
"kai__0695982"	0	0	0	0	0	0	0	0	0.000136	0	0	0
"kai__0907202"	0	0	0	0	0	0	0	0	0.000136	0	0	0
"kai__1032526"	0	0	0	0	0	0	0	0	0.000136	0	0	0
"kai__1321364"	0	0	0	0	0	0	0	0	0.000136	0	0	0
"kai__1434011"	0	0	0	0	0	0	0	0	0.000136	0	0	0
"kai__1434037"	0	0	0	0	0	0	0	0	0.000136	0	0	0
"kai__1494958"	0	0	0	0	0	0	0	0	0.000136	0.00044	0	0
"kai__1522056"	0	0	0	0	0	0	0	0	0.000136	0.003698	0	0
"kai__1535192"	0	0	0	0	0	0	0	0	0.000136	0	0	0
"kai__1621534"	0	0	0	0	0	0	0	0	0.000136	0	0	0
"kai__1649503"	0	0	0	0	0	0	0	0	0.000136	0	0	0
"kai__1859128"	0	0	0	0	0	0	0	0	0.000136	0	0	0
"kai__1914252"	0	0	0	0	0	0	0	0	0.000136	0	0	0
"kai__2024975"	0	0	0	0	0	0	0	0	0.000136	0	0	0
"kai__2038280"	0	0	0	0	0	0	0	0	0.000136	0	0	0
"kai__2109263"	0	0	0	0	0	0	0	0	0.000136	0	0	0
"kai__0000101"	0	0	0	0	0	0	0	0	0.000125	0	0	0.003004
"kai__0000133"	0	0	0	0	0	0	0	0	0.000125	0	0	0
"kai__0000965"	0	0	0	0	0	0	0	0	0.000125	0	0	0
"kai__0001021"	0	0	0	0	0	0	0	0	0.000125	0	0	0
"kai__0001099"	0	0	0	0	0	0	0	0	0.000125	0	0	0
"kai__0002129"	0	0	0	0	0	0	0	0	0.000125	0	0	0
"kai__0028233"	0	0	0	0	0	0	0	0	0.000125	0	0	0
"kai__0034100"	0	0	0	0	0	0	0	0	0.000125	0	0	0
"kai__0036739"	0	0	0	0	0	0	0	0	0.000125	0	0	0
"kai__0039773"	0	0	0	0	0	0	0	0	0.000125	0	0	0
"kai__0053634"	0	0	0	0	0	0	0	0	0.000125	0	0	0
"kai__0083614"	0	0	0	0	0	0	0	0	0.000125	0.002069	0	0
"kai__0086795"	0	0	0	0	0	0	0	0	0.000125	0	0	0
"kai__0093681"	0	0	0	0	0	0	0	0	0.000125	0	0	0
"kai__0109262"	0	0	0	0	0	0	0	0	0.000125	0	0	0
"kai__0117999"	0	0	0	0	0	0	0	0	0.000125	0	0	0
"kai__0145260"	0	0	0	0	0	0	0	0	0.000125	0	0	0
"kai__0168657"	0	0	0	0	0	0	0	0	0.000125	0	0	0
"kai__0286104"	0	0	0	0	0	0	0	0	0.000125	0	0	0
"kai__0286729"	0	0	0	0	0	0	0	0	0.000125	0	0	0
"kai__0292691"	0	0	0	0	0	0	0	0	0.000125	0	0	0
"kai__0300418"	0	0	0	0	0	0	0	0	0.000125	0	0	0
"kai__0336260"	0	0	0	0	0	0	0	0	0.000125	0	0	0
"kai__0382513"	0	0	0	0	0	0	0	0	0.000125	0	0	0
"kai__0397275"	0	0	0	0	0	0	0	0	0.000125	0	0	0
"kai__0398041"	0	0	0	0	0	0	0	0	0.000125	0	0	0
"kai__0472568"	0	0	0	0	0	0	0	0	0.000125	0	0	0
"kai__0633413"	0	0	0	0	0	0	0	0	0.000125	0	0	0
"kai__0768650"	0	0	0	0	0	0	0	0	0.000125	0	0	0
"kai__0861913"	0	0	0	0	0	0	0	0	0.000125	0	0	0
"kai__0861914"	0	0	0	0	0	0	0	0	0.000125	0	0	0
"kai__1434043"	0	0	0	0	0	0	0	0	0.000125	0	0	0
"kai__1649295"	0	0	0	0	0	0	0	0	0.000125	0	0	0
"kai__1881091"	0	0	0	0	0	0	0	0	0.000125	0	0	0
"kai__2028344"	0	0	0	0	0	0	0	0	0.000125	0	0	0
"kai__2282756"	0	0	0	0	0	0	0	0	0.000125	0	0	0
"kai__0000528"	0	0	0	0	0	0	0	0	0.000115	0	0	0
"kai__0000579"	0	0	0	0	0	0	0	0	0.000115	0	0	0
"kai__0001227"	0	0	0	0	0	0	0	0	0.000115	0	0	0
"kai__0002040"	0	0	0	0	0	0	0	0	0.000115	0	0	0
"kai__0002233"	0	0	0	0	0	0	0	0	0.000115	0	0	0
"kai__0002321"	0	0	0	0	0	0	0	0	0.000115	0	0	0
"kai__0028100"	0	0	0	0	0	0	0	0	0.000115	0	0	0
"kai__0028209"	0	0	0	0	0	0	0	0	0.000115	0	0	0
"kai__0029404"	0	0	0	0	0	0	0	0	0.000115	0	0	0
"kai__0029580"	0	0	0	0	0	0	0	0	0.000115	0	0	0
"kai__0034067"	0	0	0	0	0	0	0	0	0.000115	0	0	0
"kai__0044011"	0	0	0	0	0	0	0	0	0.000115	0	0	0
"kai__0056688"	0	0	0	0	0	0	0	0	0.000115	0	0	0
"kai__0065047"	0	0	0	0	0	0	0	0	0.000115	0	0	0
"kai__0083612"	0	0	0	0	0	0	0	0	0.000115	0	0	0
"kai__0088358"	0	0	0	0	0	0	0	0	0.000115	0	0	0
"kai__0089404"	0	0	0	0	0	0	0	0	0.000115	0	0	0
"kai__0093368"	0	0	0	0	0	0	0	0	0.000115	0	0	0
"kai__0111142"	0	0	0	0	0	0	0	0	0.000115	0	0	0
"kai__0117156"	0	0	0	0	0	0	0	0	0.000115	0	0	0
"kai__0146784"	0	0	0	0	0	0	0	0	0.000115	0	0	0
"kai__0153027"	0	0	0	0	0	0	0	0	0.000115	0	0	0
"kai__0196080"	0	0	0	0	0	0	0	0	0.000115	0	0	0
"kai__0215802"	0	0	0	0	0	0	0	0	0.000115	0	0	0
"kai__0224455"	0	0	0	0	0	0	0	0	0.000115	0	0	0
"kai__0246263"	0	0	0	0	0	0	0	0	0.000115	0	0	0
"kai__0288021"	0	0	0	0	0	0	0	0	0.000115	0	0	0
"kai__0349742"	0	0	0	0	0	0	0	0	0.000115	0	0	0
"kai__0364316"	0	0	0	0	0	0	0	0	0.000115	0	0	0
"kai__0379546"	0	0	0	0	0	0	0	0	0.000115	0	0	0
"kai__0444459"	0	0	0	0	0	0	0	0	0.000115	0	0	0
"kai__0476528"	0	0	0	0	0	0	0	0	0.000115	0	0	0
"kai__0483422"	0	0	0	0	0	0	0	0	0.000115	0	0	0
"kai__0929509"	0	0	0	0	0	0	0	0	0.000115	0	0	0
"kai__1223423"	0	0	0	0	0	0	0	0	0.000115	0	0	0
"kai__1288026"	0	0	0	0	0	0	0	0	0.000115	0	0	0
"kai__1335631"	0	0	0	0	0	0	0	0	0.000115	0	0	0
"kai__1392997"	0	0	0	0	0	0	0	0	0.000115	0	0	0
"kai__1433998"	0	0	0	0	0	0	0	0	0.000115	0	0	0
"kai__1549126"	0	0	0	0	0	0	0	0	0.000115	0	0	0
"kai__1564515"	0	0	0	0	0	0	0	0	0.000115	0	0	0
"kai__1572763"	0	0	0	0	0	0	0	0	0.000115	0	0	0
"kai__1755683"	0	0	0	0	0	0	0	0	0.000115	0	0	0
"kai__1763555"	0	0	0	0	0	0	0	0	0.000115	0	0	0
"kai__1775292"	0	0	0	0	0	0	0	0	0.000115	0	0	0
"kai__1988031"	0	0	0	0	0	0	0	0	0.000115	0	0	0
"kai__2034504"	0	0	0	0	0	0	0	0	0.000115	0	0	0
"kai__2039723"	0	0	0	0	0	0	0	0	0.000115	0	0	0
"kai__2100764"	0	0	0	0	0	0	0	0	0.000115	0	0	0
"kai__2136116"	0	0	0	0	0	0	0	0	0.000115	0	0	0
"kai__2136118"	0	0	0	0	0	0	0	0	0.000115	0	0	0
"kai__2250122"	0	0	0	0	0	0	0	0	0.000115	0	0	0
"kai__2419833"	0	0	0	0	0	0	0	0	0.000115	0	0	0
"kai__0000059"	0	0	0	0	0	0	0	0	0.000105	0	0	0
"kai__0001023"	0	0	0	0	0	0	0	0	0.000105	0	0	0
"kai__0001198"	0	0	0	0	0	0	0	0	0.000105	0	0	0
"kai__0040413"	0	0	0	0	0	0	0	0	0.000105	0	0	0
"kai__0051366"	0	0	0	0	0	0	0	0	0.000105	0	0	0
"kai__0052972"	0	0	0	0	0	0	0	0	0.000105	0	0	0
"kai__0059282"	0	0	0	0	0	0	0	0	0.000105	0	0	0
"kai__0065502"	0	0	0	0	0	0	0	0	0.000105	0	0	0
"kai__0075654"	0	0	0	0	0	0	0	0	0.000105	0	0	0
"kai__0080865"	0	0	0	0	0	0	0	0	0.000105	0	0	0
"kai__0090243"	0	0	0	0	0	0	0	0	0.000105	0	0	0
"kai__0092793"	0	0	0	0	0	0	0	0	0.000105	0	0	0
"kai__0116071"	0	0	0	0	0	0	0	0	0.000105	0	0	0
"kai__0129577"	0	0	0	0	0	0	0	0	0.000105	0	0	0
"kai__0132605"	0	0	0	0	0	0	0	0	0.000105	0	0	0
"kai__0158483"	0	0	0	0	0	0	0	0	0.000105	0	0	0
"kai__0188905"	0	0	0	0	0	0	0	0	0.000105	0	0	0
"kai__0195964"	0	0	0	0	0	0	0	0	0.000105	0	0	0
"kai__0200473"	0	0	0	0	0	0	0	0	0.000105	0	0	0
"kai__0208447"	0	0	0	0	0	0	0	0	0.000105	0	0	0
"kai__0252301"	0	0	0	0	0	0	0	0	0.000105	0	0	0
"kai__0261827"	0	0	0	0	0	0	0	0	0.000105	0	0	0
"kai__0305976"	0	0	0	0	0	0	0	0	0.000105	0	0	0
"kai__0316612"	0	0	0	0	0	0	0	0	0.000105	0	0	0
"kai__0390250"	0	0	0	0	0	0	0	0	0.000105	0	0	0
"kai__0412592"	0	0	0	0	0	0	0	0	0.000105	0	0	0
"kai__0457933"	0	0	0	0	0	0	0	0	0.000105	0	0	0
"kai__0490567"	0	0	0	0	0	0	0	0	0.000105	0	0	0
"kai__0626119"	0	0	0	0	0	0	0	0	0.000105	0.000528	0	0
"kai__1141978"	0	0	0	0	0	0	0	0	0.000105	0	0	0
"kai__1524214"	0	0	0	0	0	0	0	0	0.000105	0	0	0
"kai__1562565"	0	0	0	0	0	0	0	0	0.000105	0	0	0
"kai__1635148"	0	0	0	0	0	0	0	0	0.000105	0	0	0
"kai__1745211"	0	0	0	0	0	0	0	0	0.000105	0	0	0
"kai__1769012"	0	0	0	0	0	0	0	0	0.000105	0	0	0
"kai__1784836"	0	0	0	0	0	0	0	0	0.000105	0	0	0
"kai__1930932"	0	0	0	0	0	0	0	0	0.000105	0	0	0
"kai__2038697"	0	0	0	0	0	0	0	0	0.000105	0	0	0
"kai__2491136"	0	0	0	0	0	0	0	0	0.000105	0	0	0
"kai__0053457"	0	0	0	0	0	0	0	0	0	0.002157	0	0
"kai__0169133"	0	0	0	0	0	0	0	0	0	0.001233	0	0
"kai__1164863"	0	0	0	0	0	0	0	0	0	0.000748	0	0
"kai__0001269"	0	0	0	0	0	0	0	0	0	0.000704	0	0
"kai__0043673"	0	0	0	0	0	0	0	0	0	0.000616	0	0
"kai__0059734"	0	0	0	0	0	0	0	0	0	0.000572	0	0
"kai__0000507"	0	0	0	0	0	0	0	0	0	0.000528	0	0
"kai__0001835"	0	0	0	0	0	0	0	0	0	0.00044	0	0
"kai__1465824"	0	0	0	0	0	0	0	0	0	0.00044	0	0
"kai__1742992"	0	0	0	0	0	0	0	0	0	0	0	0.012248
"kai__0246873"	0	0	0	0	0	0	0	0	0	0	0	0.003004
"kai__2201383"	0	0	0	0	0	0	0	0	0	0	0	0.003004
"kai__0028250"	0	0	0	0	0	0	0	0	0	0	0	0.002542
"kai__0158848"	0	0	0	0	0	0	0	0	0	0	0	0.002311
