name	taxonomy_id	taxonomy_lvl	APC084_neg_ctl_5.bracken_num	APC084_neg_ctl_5.bracken_frac	_N10_Nuria.bracken_num	_N10_Nuria.bracken_frac	_N11_Nuria.bracken_num	_N11_Nuria.bracken_frac	_N12_Nuria.bracken_num	_N12_Nuria.bracken_frac	_N1_Nuria.bracken_num	_N1_Nuria.bracken_frac	_N2_Nuria.bracken_num	_N2_Nuria.bracken_frac	_N3_Nuria.bracken_num	_N3_Nuria.bracken_frac	_N4_Nuria.bracken_num	_N4_Nuria.bracken_frac	_N5_Nuria.bracken_num	_N5_Nuria.bracken_frac	_N6_Nuria.bracken_num	_N6_Nuria.bracken_frac	_N7_Nuria.bracken_num	_N7_Nuria.bracken_frac	_N8_Nuria.bracken_num	_N8_Nuria.bracken_frac	_N9_Nuria.bracken_num	_N9_Nuria.bracken_frac
Melaminivora sp. SC2-9	2109913	S	0	0.00000	0	0.00000	0	0.00000	0	0.00000	0	0.00000	0	0.00000	0	0.00000	0	0.00000	0	0.00000	0	0.00000	38	0.00002	0	0.00000	0	0.00000
Erysipelotrichaceae bacterium I46	1834207	S	0	0.00000	0	0.00000	0	0.00000	0	0.00000	0	0.00000	0	0.00000	0	0.00000	0	0.00000	0	0.00000	2237	0.00112	0	0.00000	0	0.00000	0	0.00000
Alistipes finegoldii	214856	S	0	0.00000	0	0.00000	0	0.00000	0	0.00000	77	0.00586	15	0.00287	110	0.00756	0	0.00000	0	0.00000	44110	0.02215	28	0.00001	0	0.00000	105	0.00295
Clostridium perfringens	1502	S	0	0.00000	0	0.00000	3103	0.00231	5796	0.00152	27	0.00205	0	0.00000	25	0.00172	0	0.00000	0	0.00000	7137	0.00358	161	0.00008	58	0.00144	0	0.00000
Bacillus coagulans	1398	S	0	0.00000	0	0.00000	0	0.00000	0	0.00000	0	0.00000	0	0.00000	0	0.00000	0	0.00000	0	0.00000	56	0.00003	0	0.00000	0	0.00000	0	0.00000
Streptococcus lutetiensis	150055	S	0	0.00000	0	0.00000	0	0.00000	0	0.00000	0	0.00000	0	0.00000	0	0.00000	0	0.00000	0	0.00000	5565	0.00279	0	0.00000	0	0.00000	0	0.00000
Desulfovibrio fairfieldensis	44742	S	0	0.00000	0	0.00000	0	0.00000	0	0.00000	0	0.00000	0	0.00000	0	0.00000	0	0.00000	0	0.00000	47	0.00002	0	0.00000	0	0.00000	0	0.00000
Lactobacillus acidipiscis	89059	S	0	0.00000	0	0.00000	16	0.00001	43	0.00001	0	0.00000	0	0.00000	0	0.00000	0	0.00000	0	0.00000	0	0.00000	22	0.00001	0	0.00000	0	0.00000
Bacillus mycoides	1405	S	0	0.00000	0	0.00000	0	0.00000	0	0.00000	0	0.00000	0	0.00000	0	0.00000	0	0.00000	0	0.00000	75	0.00004	0	0.00000	0	0.00000	0	0.00000
Jeotgalibaca sp. PTS2502	1903686	S	0	0.00000	0	0.00000	0	0.00000	0	0.00000	0	0.00000	0	0.00000	0	0.00000	0	0.00000	0	0.00000	0	0.00000	505	0.00024	0	0.00000	0	0.00000
Lactobacillus prophage Lj928	139872	S	0	0.00000	208	0.00190	1835	0.00137	5634	0.00148	0	0.00000	0	0.00000	0	0.00000	0	0.00000	0	0.00000	258	0.00013	1952	0.00093	82	0.00203	0	0.00000
Desulfotomaculum ruminis	1564	S	0	0.00000	0	0.00000	0	0.00000	0	0.00000	0	0.00000	0	0.00000	0	0.00000	0	0.00000	0	0.00000	52	0.00003	0	0.00000	0	0.00000	0	0.00000
Bacteroides cellulosilyticus	246787	S	0	0.00000	0	0.00000	18	0.00001	0	0.00000	0	0.00000	0	0.00000	0	0.00000	0	0.00000	0	0.00000	2876	0.00144	58	0.00003	38	0.00094	0	0.00000
Bacillus clausii	79880	S	0	0.00000	0	0.00000	0	0.00000	76	0.00002	0	0.00000	0	0.00000	0	0.00000	0	0.00000	0	0.00000	0	0.00000	22	0.00001	0	0.00000	0	0.00000
Bacteroides dorei	357276	S	0	0.00000	57	0.00052	425	0.00032	33	0.00001	94	0.00715	0	0.00000	0	0.00000	0	0.00000	0	0.00000	1776	0.00089	1344	0.00064	858	0.02127	0	0.00000
Lactobacillus fermentum	1613	S	0	0.00000	245	0.00224	2676	0.00200	9280	0.00243	0	0.00000	0	0.00000	0	0.00000	0	0.00000	0	0.00000	306	0.00015	4765	0.00228	87	0.00216	0	0.00000
Staphylococcus hominis	1290	S	0	0.00000	0	0.00000	0	0.00000	0	0.00000	132	0.01004	0	0.00000	0	0.00000	0	0.00000	0	0.00000	0	0.00000	0	0.00000	0	0.00000	0	0.00000
Brevibacterium aurantiacum	273384	S	0	0.00000	0	0.00000	0	0.00000	0	0.00000	0	0.00000	0	0.00000	0	0.00000	0	0.00000	0	0.00000	0	0.00000	51	0.00002	0	0.00000	0	0.00000
Bifidobacterium bifidum	1681	S	0	0.00000	0	0.00000	0	0.00000	0	0.00000	0	0.00000	0	0.00000	0	0.00000	0	0.00000	0	0.00000	2298	0.00115	0	0.00000	0	0.00000	0	0.00000
Brachybacterium ginsengisoli	1331682	S	0	0.00000	0	0.00000	0	0.00000	0	0.00000	0	0.00000	0	0.00000	0	0.00000	0	0.00000	0	0.00000	0	0.00000	396	0.00019	0	0.00000	0	0.00000
Corynebacterium efficiens	152794	S	0	0.00000	0	0.00000	0	0.00000	0	0.00000	0	0.00000	0	0.00000	0	0.00000	0	0.00000	0	0.00000	0	0.00000	11	0.00001	0	0.00000	0	0.00000
Corynebacterium casei	160386	S	0	0.00000	0	0.00000	0	0.00000	259	0.00007	0	0.00000	0	0.00000	0	0.00000	0	0.00000	0	0.00000	0	0.00000	1014	0.00049	0	0.00000	0	0.00000
Lactobacillus kullabergensis	1218493	S	0	0.00000	0	0.00000	19	0.00001	36	0.00001	0	0.00000	0	0.00000	0	0.00000	0	0.00000	0	0.00000	0	0.00000	25	0.00001	0	0.00000	0	0.00000
Lactobacillus gasseri	1596	S	0	0.00000	122	0.00111	1416	0.00106	5108	0.00134	0	0.00000	0	0.00000	0	0.00000	0	0.00000	0	0.00000	843	0.00042	2181	0.00104	50	0.00124	0	0.00000
Pseudomonas psychrotolerans	237610	S	0	0.00000	0	0.00000	0	0.00000	0	0.00000	0	0.00000	0	0.00000	0	0.00000	0	0.00000	0	0.00000	86	0.00004	0	0.00000	0	0.00000	0	0.00000
Treponema succinifaciens	167	S	0	0.00000	0	0.00000	0	0.00000	0	0.00000	0	0.00000	0	0.00000	0	0.00000	0	0.00000	0	0.00000	734	0.00037	0	0.00000	0	0.00000	0	0.00000
Pseudomonas stutzeri	316	S	0	0.00000	0	0.00000	0	0.00000	0	0.00000	0	0.00000	0	0.00000	0	0.00000	0	0.00000	0	0.00000	0	0.00000	189	0.00009	0	0.00000	0	0.00000
Staphylococcus pseudintermedius	283734	S	0	0.00000	0	0.00000	0	0.00000	0	0.00000	0	0.00000	0	0.00000	0	0.00000	0	0.00000	0	0.00000	87	0.00004	0	0.00000	0	0.00000	0	0.00000
Enterococcus durans	53345	S	0	0.00000	0	0.00000	514	0.00038	294	0.00008	0	0.00000	0	0.00000	0	0.00000	0	0.00000	1092	0.06479	928	0.00047	93	0.00004	0	0.00000	0	0.00000
Bacteroides vulgatus	821	S	0	0.00000	0	0.00000	51	0.00004	0	0.00000	0	0.00000	0	0.00000	0	0.00000	0	0.00000	0	0.00000	921	0.00046	116	0.00006	94	0.00233	0	0.00000
Anaerotignum propionicum	28446	S	0	0.00000	0	0.00000	0	0.00000	0	0.00000	0	0.00000	0	0.00000	0	0.00000	0	0.00000	0	0.00000	76	0.00004	0	0.00000	0	0.00000	0	0.00000
Bacteroides fragilis	817	S	0	0.00000	0	0.00000	122	0.00009	0	0.00000	62	0.00472	18	0.00344	297	0.02041	0	0.00000	17	0.00101	122007	0.06126	281	0.00013	179	0.00444	101	0.00283
Lactobacillus ruminis	1623	S	0	0.00000	0	0.00000	0	0.00000	0	0.00000	0	0.00000	0	0.00000	0	0.00000	0	0.00000	0	0.00000	12	0.00001	0	0.00000	0	0.00000	0	0.00000
Roseburia hominis	301301	S	0	0.00000	0	0.00000	0	0.00000	0	0.00000	53	0.00403	0	0.00000	148	0.01017	0	0.00000	71	0.00421	38755	0.01946	112	0.00005	74	0.00183	0	0.00000
Corynebacterium jeikeium	38289	S	0	0.00000	0	0.00000	0	0.00000	0	0.00000	0	0.00000	0	0.00000	0	0.00000	0	0.00000	0	0.00000	0	0.00000	50	0.00002	0	0.00000	0	0.00000
Burkholderiales bacterium YL45	1834205	S	0	0.00000	0	0.00000	0	0.00000	0	0.00000	0	0.00000	0	0.00000	0	0.00000	0	0.00000	0	0.00000	128	0.00006	0	0.00000	0	0.00000	0	0.00000
Helicobacter hepaticus	32025	S	0	0.00000	0	0.00000	0	0.00000	0	0.00000	0	0.00000	0	0.00000	0	0.00000	0	0.00000	0	0.00000	1237	0.00062	0	0.00000	0	0.00000	0	0.00000
Streptococcus pluranimalium	82348	S	0	0.00000	61	0.00056	0	0.00000	265	0.00007	0	0.00000	0	0.00000	0	0.00000	0	0.00000	0	0.00000	0	0.00000	7166	0.00343	15	0.00037	0	0.00000
Lactobacillus agilis	1601	S	0	0.00000	48	0.00044	481	0.00036	1207	0.00032	77	0.00586	0	0.00000	52	0.00357	0	0.00000	92	0.00546	13825	0.00694	966	0.00046	26	0.00064	877	0.02461
Campylobacter coli	195	S	0	0.00000	0	0.00000	0	0.00000	13	0.00000	101	0.00768	0	0.00000	295	0.02027	0	0.00000	0	0.00000	154118	0.07738	90	0.00004	0	0.00000	43	0.00121
Staphylococcus epidermidis	1282	S	0	0.00000	0	0.00000	0	0.00000	0	0.00000	0	0.00000	0	0.00000	398	0.02735	0	0.00000	0	0.00000	0	0.00000	0	0.00000	0	0.00000	0	0.00000
Helicobacter felis	214	S	0	0.00000	0	0.00000	0	0.00000	0	0.00000	0	0.00000	0	0.00000	0	0.00000	0	0.00000	0	0.00000	89	0.00004	0	0.00000	0	0.00000	0	0.00000
Victivallales bacterium CCUG 44730	2094242	S	0	0.00000	0	0.00000	0	0.00000	0	0.00000	0	0.00000	0	0.00000	0	0.00000	0	0.00000	0	0.00000	2650	0.00133	0	0.00000	0	0.00000	0	0.00000
Enterococcus hirae	1354	S	0	0.00000	0	0.00000	0	0.00000	11	0.00000	0	0.00000	0	0.00000	0	0.00000	0	0.00000	0	0.00000	0	0.00000	48	0.00002	0	0.00000	0	0.00000
Acinetobacter schindleri	108981	S	0	0.00000	0	0.00000	0	0.00000	0	0.00000	0	0.00000	0	0.00000	0	0.00000	0	0.00000	0	0.00000	0	0.00000	26	0.00001	0	0.00000	0	0.00000
Paeniclostridium sordellii	1505	S	0	0.00000	0	0.00000	0	0.00000	0	0.00000	0	0.00000	0	0.00000	0	0.00000	0	0.00000	0	0.00000	431	0.00022	10	0.00000	0	0.00000	0	0.00000
Corynebacterium deserti	1408191	S	0	0.00000	0	0.00000	0	0.00000	0	0.00000	0	0.00000	0	0.00000	0	0.00000	0	0.00000	0	0.00000	0	0.00000	25	0.00001	0	0.00000	0	0.00000
Treponema primitia	88058	S	0	0.00000	0	0.00000	0	0.00000	0	0.00000	0	0.00000	0	0.00000	0	0.00000	0	0.00000	0	0.00000	43	0.00002	0	0.00000	0	0.00000	0	0.00000
Lactobacillus phage phiadh	12417	S	0	0.00000	0	0.00000	0	0.00000	10	0.00000	0	0.00000	0	0.00000	0	0.00000	0	0.00000	0	0.00000	39	0.00002	0	0.00000	0	0.00000	0	0.00000
Sphingobacterium mizutaii	1010	S	0	0.00000	0	0.00000	0	0.00000	0	0.00000	0	0.00000	0	0.00000	0	0.00000	0	0.00000	0	0.00000	0	0.00000	19	0.00001	0	0.00000	0	0.00000
Aerococcus viridans	1377	S	0	0.00000	0	0.00000	0	0.00000	24	0.00001	0	0.00000	0	0.00000	0	0.00000	0	0.00000	0	0.00000	0	0.00000	218	0.00010	0	0.00000	0	0.00000
Lactobacillus hokkaidonensis	1193095	S	0	0.00000	0	0.00000	30	0.00002	120	0.00003	0	0.00000	0	0.00000	0	0.00000	0	0.00000	0	0.00000	0	0.00000	110	0.00005	0	0.00000	0	0.00000
Staphylococcus sp. AntiMn-1	1715860	S	0	0.00000	0	0.00000	0	0.00000	0	0.00000	0	0.00000	0	0.00000	0	0.00000	0	0.00000	0	0.00000	0	0.00000	468	0.00022	0	0.00000	0	0.00000
Eubacterium limosum	1736	S	0	0.00000	0	0.00000	0	0.00000	0	0.00000	0	0.00000	0	0.00000	11	0.00076	0	0.00000	0	0.00000	5004	0.00251	14	0.00001	0	0.00000	0	0.00000
Brachybacterium faecium	43669	S	0	0.00000	0	0.00000	0	0.00000	0	0.00000	0	0.00000	0	0.00000	0	0.00000	0	0.00000	0	0.00000	0	0.00000	3253	0.00156	0	0.00000	0	0.00000
Prevotella intermedia	28131	S	0	0.00000	0	0.00000	0	0.00000	0	0.00000	0	0.00000	0	0.00000	0	0.00000	0	0.00000	0	0.00000	308	0.00015	0	0.00000	0	0.00000	0	0.00000
Lactobacillus acetotolerans	1600	S	0	0.00000	46	0.00042	617	0.00046	2146	0.00056	0	0.00000	0	0.00000	0	0.00000	0	0.00000	0	0.00000	241	0.00012	1050	0.00050	12	0.00030	0	0.00000
Bacteroides thetaiotaomicron	818	S	0	0.00000	0	0.00000	0	0.00000	0	0.00000	0	0.00000	0	0.00000	18	0.00124	0	0.00000	0	0.00000	7529	0.00378	0	0.00000	0	0.00000	0	0.00000
[Clostridium] cellulosi	29343	S	0	0.00000	0	0.00000	0	0.00000	0	0.00000	0	0.00000	0	0.00000	0	0.00000	0	0.00000	0	0.00000	58	0.00003	0	0.00000	0	0.00000	0	0.00000
Rothia mucilaginosa	43675	S	0	0.00000	0	0.00000	0	0.00000	0	0.00000	0	0.00000	0	0.00000	0	0.00000	0	0.00000	0	0.00000	0	0.00000	183	0.00009	0	0.00000	0	0.00000
Staphylococcus kloosii	29384	S	0	0.00000	0	0.00000	0	0.00000	0	0.00000	0	0.00000	0	0.00000	0	0.00000	0	0.00000	0	0.00000	0	0.00000	16	0.00001	0	0.00000	0	0.00000
Jonesia denitrificans	43674	S	0	0.00000	0	0.00000	0	0.00000	0	0.00000	0	0.00000	0	0.00000	0	0.00000	0	0.00000	0	0.00000	0	0.00000	53	0.00003	0	0.00000	0	0.00000
Flavonifractor plautii	292800	S	0	0.00000	0	0.00000	29	0.00002	0	0.00000	21	0.00160	0	0.00000	52	0.00357	0	0.00000	21	0.00125	34258	0.01720	148	0.00007	42	0.00104	25	0.00070
Staphylococcus succinus	61015	S	0	0.00000	0	0.00000	0	0.00000	0	0.00000	0	0.00000	0	0.00000	0	0.00000	0	0.00000	0	0.00000	0	0.00000	123	0.00006	0	0.00000	0	0.00000
Acidaminococcus intestini	187327	S	0	0.00000	0	0.00000	0	0.00000	0	0.00000	0	0.00000	0	0.00000	0	0.00000	0	0.00000	0	0.00000	13	0.00001	0	0.00000	0	0.00000	0	0.00000
Lactobacillus brevis	1580	S	0	0.00000	0	0.00000	0	0.00000	27	0.00001	0	0.00000	0	0.00000	0	0.00000	0	0.00000	0	0.00000	0	0.00000	14	0.00001	0	0.00000	0	0.00000
Brachybacterium sp. VM2412	2017484	S	0	0.00000	0	0.00000	0	0.00000	0	0.00000	0	0.00000	0	0.00000	0	0.00000	0	0.00000	0	0.00000	0	0.00000	213	0.00010	0	0.00000	0	0.00000
Aquaspirillum sp. LM1	1938604	S	0	0.00000	0	0.00000	0	0.00000	0	0.00000	0	0.00000	0	0.00000	0	0.00000	0	0.00000	0	0.00000	52	0.00003	0	0.00000	0	0.00000	0	0.00000
Ruminococcaceae bacterium CPB6	1572656	S	0	0.00000	0	0.00000	0	0.00000	0	0.00000	0	0.00000	0	0.00000	0	0.00000	0	0.00000	0	0.00000	46	0.00002	0	0.00000	0	0.00000	0	0.00000
Staphylococcus cohnii	29382	S	0	0.00000	0	0.00000	0	0.00000	0	0.00000	0	0.00000	0	0.00000	0	0.00000	0	0.00000	0	0.00000	87	0.00004	1468	0.00070	22	0.00055	0	0.00000
Campylobacter jejuni	197	S	0	0.00000	83	0.00076	1606	0.00120	2708	0.00071	78	0.00593	92	0.01760	256	0.01759	0	0.00000	5062	0.30034	51381	0.02580	734	0.00035	166	0.00411	18	0.00051
Bifidobacterium breve	1685	S	0	0.00000	0	0.00000	0	0.00000	0	0.00000	0	0.00000	0	0.00000	0	0.00000	0	0.00000	0	0.00000	10516	0.00528	0	0.00000	0	0.00000	0	0.00000
Bifidobacterium catenulatum	1686	S	0	0.00000	0	0.00000	0	0.00000	0	0.00000	0	0.00000	0	0.00000	0	0.00000	0	0.00000	0	0.00000	2089	0.00105	0	0.00000	0	0.00000	0	0.00000
Clostridium kluyveri	1534	S	0	0.00000	0	0.00000	0	0.00000	0	0.00000	0	0.00000	0	0.00000	0	0.00000	0	0.00000	0	0.00000	11	0.00001	0	0.00000	0	0.00000	0	0.00000
Oscillibacter valericigenes	351091	S	0	0.00000	0	0.00000	0	0.00000	0	0.00000	0	0.00000	0	0.00000	0	0.00000	0	0.00000	0	0.00000	832	0.00042	0	0.00000	0	0.00000	0	0.00000
Lactobacillus delbrueckii	1584	S	0	0.00000	61	0.00056	832	0.00062	2522	0.00066	0	0.00000	0	0.00000	0	0.00000	0	0.00000	0	0.00000	217	0.00011	1407	0.00067	12	0.00030	0	0.00000
Blautia sp. YL58	1796616	S	0	0.00000	0	0.00000	0	0.00000	0	0.00000	0	0.00000	0	0.00000	0	0.00000	0	0.00000	0	0.00000	981	0.00049	0	0.00000	0	0.00000	0	0.00000
Lactobacillus curvatus	28038	S	0	0.00000	17	0.00016	202	0.00015	379	0.00010	0	0.00000	0	0.00000	0	0.00000	0	0.00000	0	0.00000	16	0.00001	208	0.00010	0	0.00000	2654	0.07446
Streptococcus thermophilus	1308	S	0	0.00000	0	0.00000	0	0.00000	0	0.00000	0	0.00000	0	0.00000	0	0.00000	0	0.00000	0	0.00000	2479	0.00124	0	0.00000	0	0.00000	0	0.00000
Bacteroides helcogenes	290053	S	0	0.00000	0	0.00000	0	0.00000	0	0.00000	0	0.00000	0	0.00000	0	0.00000	0	0.00000	0	0.00000	1759	0.00088	0	0.00000	0	0.00000	0	0.00000
Lactobacillus amylophilus	1603	S	0	0.00000	0	0.00000	25	0.00002	88	0.00002	0	0.00000	0	0.00000	0	0.00000	0	0.00000	0	0.00000	0	0.00000	50	0.00002	0	0.00000	0	0.00000
Lactobacillus gallinarum	52242	S	0	0.00000	3090	0.02820	44132	0.03292	130369	0.03420	0	0.00000	0	0.00000	0	0.00000	0	0.00000	0	0.00000	2136	0.00107	75474	0.03613	812	0.02013	0	0.00000
Mucinivorans hirudinis	1433126	S	0	0.00000	0	0.00000	0	0.00000	0	0.00000	0	0.00000	0	0.00000	0	0.00000	0	0.00000	0	0.00000	28	0.00001	0	0.00000	0	0.00000	0	0.00000
Ornithobacterium rhinotracheale	28251	S	0	0.00000	0	0.00000	0	0.00000	0	0.00000	0	0.00000	0	0.00000	0	0.00000	0	0.00000	0	0.00000	172	0.00009	0	0.00000	0	0.00000	26	0.00073
[Clostridium] saccharolyticum	84030	S	0	0.00000	0	0.00000	0	0.00000	0	0.00000	0	0.00000	0	0.00000	0	0.00000	0	0.00000	0	0.00000	74	0.00004	0	0.00000	0	0.00000	0	0.00000
Cloacibacillus porcorum	1197717	S	0	0.00000	0	0.00000	0	0.00000	0	0.00000	0	0.00000	0	0.00000	0	0.00000	0	0.00000	0	0.00000	547	0.00027	0	0.00000	0	0.00000	0	0.00000
Intestinimonas butyriciproducens	1297617	S	0	0.00000	0	0.00000	14	0.00001	0	0.00000	15	0.00114	0	0.00000	32	0.00220	0	0.00000	0	0.00000	10294	0.00517	54	0.00003	27	0.00067	0	0.00000
Streptococcus acidominimus	1326	S	0	0.00000	0	0.00000	0	0.00000	0	0.00000	0	0.00000	0	0.00000	0	0.00000	0	0.00000	0	0.00000	299	0.00015	124	0.00006	0	0.00000	0	0.00000
Lactobacillus sanfranciscensis	1625	S	0	0.00000	0	0.00000	0	0.00000	27	0.00001	0	0.00000	0	0.00000	0	0.00000	0	0.00000	0	0.00000	0	0.00000	20	0.00001	0	0.00000	0	0.00000
Lactobacillus prophage Lj771	139871	S	0	0.00000	0	0.00000	29	0.00002	68	0.00002	0	0.00000	0	0.00000	0	0.00000	0	0.00000	0	0.00000	0	0.00000	25	0.00001	0	0.00000	0	0.00000
Propionibacterium freudenreichii	1744	S	0	0.00000	0	0.00000	0	0.00000	0	0.00000	0	0.00000	0	0.00000	0	0.00000	0	0.00000	0	0.00000	0	0.00000	23	0.00001	0	0.00000	0	0.00000
Fermentimonas caenicola	1562970	S	0	0.00000	0	0.00000	0	0.00000	0	0.00000	0	0.00000	0	0.00000	0	0.00000	0	0.00000	0	0.00000	297	0.00015	0	0.00000	0	0.00000	0	0.00000
Tannerella forsythia	28112	S	0	0.00000	0	0.00000	0	0.00000	0	0.00000	0	0.00000	0	0.00000	0	0.00000	0	0.00000	0	0.00000	164	0.00008	0	0.00000	0	0.00000	0	0.00000
Brachybacterium sp. P6-10-X1	1903186	S	0	0.00000	0	0.00000	0	0.00000	0	0.00000	0	0.00000	0	0.00000	0	0.00000	0	0.00000	0	0.00000	0	0.00000	132	0.00006	0	0.00000	0	0.00000
Faecalibacterium prausnitzii	853	S	0	0.00000	21	0.00019	130	0.00010	27	0.00001	303	0.02305	0	0.00000	650	0.04466	0	0.00000	112	0.00665	261404	0.13124	425	0.00020	210	0.00520	109	0.00306
Staphylococcus aureus	1280	S	0	0.00000	0	0.00000	0	0.00000	0	0.00000	0	0.00000	0	0.00000	0	0.00000	0	0.00000	0	0.00000	0	0.00000	2668	0.00128	0	0.00000	0	0.00000
[Eubacterium] hallii	39488	S	0	0.00000	0	0.00000	0	0.00000	0	0.00000	0	0.00000	0	0.00000	21	0.00144	0	0.00000	0	0.00000	10131	0.00509	65	0.00003	33	0.00082	0	0.00000
Clostridioides difficile	1496	S	0	0.00000	0	0.00000	58	0.00004	0	0.00000	959	0.07296	0	0.00000	1191	0.08183	0	0.00000	409	0.02427	57859	0.02905	259	0.00012	227	0.00563	477	0.01338
Bacteroides ovatus	28116	S	0	0.00000	0	0.00000	0	0.00000	0	0.00000	0	0.00000	0	0.00000	19	0.00131	0	0.00000	0	0.00000	10436	0.00524	28	0.00001	15	0.00037	25	0.00070
Corynebacterium variabile	1727	S	0	0.00000	0	0.00000	0	0.00000	74	0.00002	0	0.00000	0	0.00000	0	0.00000	0	0.00000	0	0.00000	0	0.00000	205	0.00010	0	0.00000	0	0.00000
Enterococcus cecorum	44008	S	0	0.00000	26	0.00024	22	0.00002	136	0.00004	775	0.05896	100	0.01913	52	0.00357	0	0.00000	61	0.00362	19121	0.00960	3861	0.00185	16	0.00040	516	0.01448
Lachnospiraceae bacterium oral taxon 500	712991	S	0	0.00000	0	0.00000	0	0.00000	0	0.00000	0	0.00000	0	0.00000	0	0.00000	0	0.00000	0	0.00000	703	0.00035	0	0.00000	0	0.00000	0	0.00000
Lactobacillus amylolyticus	83683	S	0	0.00000	228	0.00208	2417	0.00180	8500	0.00223	0	0.00000	0	0.00000	0	0.00000	0	0.00000	0	0.00000	188	0.00009	6060	0.00290	71	0.00176	0	0.00000
Barnesiella viscericola	397865	S	0	0.00000	82	0.00075	378	0.00028	48	0.00001	106	0.00806	0	0.00000	0	0.00000	0	0.00000	0	0.00000	3526	0.00177	1407	0.00067	897	0.02223	40	0.00112
Alcaligenes faecalis	511	S	0	0.00000	0	0.00000	0	0.00000	0	0.00000	0	0.00000	0	0.00000	0	0.00000	0	0.00000	0	0.00000	0	0.00000	32	0.00002	0	0.00000	0	0.00000
Lactobacillus sp. CBA3606	2099789	S	0	0.00000	0	0.00000	0	0.00000	30	0.00001	0	0.00000	0	0.00000	0	0.00000	0	0.00000	0	0.00000	0	0.00000	17	0.00001	0	0.00000	0	0.00000
Clostridium botulinum	1491	S	0	0.00000	0	0.00000	0	0.00000	0	0.00000	0	0.00000	0	0.00000	38	0.00261	0	0.00000	0	0.00000	0	0.00000	128	0.00006	0	0.00000	241	0.00676
Weissella cibaria	137591	S	0	0.00000	0	0.00000	0	0.00000	0	0.00000	0	0.00000	0	0.00000	0	0.00000	0	0.00000	0	0.00000	31	0.00002	0	0.00000	0	0.00000	0	0.00000
Parascardovia denticolens	78258	S	0	0.00000	0	0.00000	50	0.00004	172	0.00005	0	0.00000	0	0.00000	0	0.00000	0	0.00000	0	0.00000	15	0.00001	143	0.00007	0	0.00000	0	0.00000
Corynebacterium striatum	43770	S	0	0.00000	0	0.00000	0	0.00000	0	0.00000	0	0.00000	0	0.00000	0	0.00000	0	0.00000	0	0.00000	0	0.00000	24	0.00001	0	0.00000	0	0.00000
Corynebacterium stationis	1705	S	0	0.00000	532	0.00486	418	0.00031	9089	0.00238	0	0.00000	0	0.00000	0	0.00000	0	0.00000	0	0.00000	135	0.00007	33378	0.01598	238	0.00590	0	0.00000
Staphylococcus saprophyticus	29385	S	0	0.00000	0	0.00000	0	0.00000	120	0.00003	0	0.00000	0	0.00000	0	0.00000	0	0.00000	0	0.00000	56	0.00003	4206	0.00201	61	0.00151	0	0.00000
Lactobacillus phage KC5a	363555	S	0	0.00000	0	0.00000	20	0.00001	107	0.00003	0	0.00000	0	0.00000	0	0.00000	0	0.00000	0	0.00000	0	0.00000	38	0.00002	0	0.00000	0	0.00000
Faecalibaculum rodentium	1702221	S	0	0.00000	0	0.00000	0	0.00000	0	0.00000	0	0.00000	0	0.00000	0	0.00000	0	0.00000	0	0.00000	1186	0.00060	0	0.00000	0	0.00000	0	0.00000
Parabacteroides sp. CT06	2025876	S	0	0.00000	0	0.00000	0	0.00000	0	0.00000	0	0.00000	0	0.00000	0	0.00000	0	0.00000	0	0.00000	163	0.00008	42	0.00002	0	0.00000	0	0.00000
Bacteroides salanitronis	376805	S	0	0.00000	0	0.00000	0	0.00000	0	0.00000	0	0.00000	0	0.00000	0	0.00000	0	0.00000	0	0.00000	270	0.00014	0	0.00000	0	0.00000	0	0.00000
Streptococcus macedonicus	59310	S	0	0.00000	0	0.00000	0	0.00000	0	0.00000	0	0.00000	0	0.00000	0	0.00000	0	0.00000	0	0.00000	2092	0.00105	0	0.00000	0	0.00000	0	0.00000
Bifidobacterium pseudolongum	1694	S	0	0.00000	0	0.00000	0	0.00000	0	0.00000	54	0.00411	54	0.01033	111	0.00763	0	0.00000	58	0.00344	27561	0.01384	0	0.00000	0	0.00000	0	0.00000
Pediococcus acidilactici	1254	S	0	0.00000	11	0.00010	138	0.00010	488	0.00013	0	0.00000	0	0.00000	0	0.00000	0	0.00000	0	0.00000	81	0.00004	313	0.00015	0	0.00000	0	0.00000
Filifactor alocis	143361	S	0	0.00000	0	0.00000	0	0.00000	0	0.00000	0	0.00000	0	0.00000	0	0.00000	0	0.00000	0	0.00000	24	0.00001	0	0.00000	0	0.00000	0	0.00000
Desulfovibrio piger	901	S	0	0.00000	0	0.00000	0	0.00000	0	0.00000	0	0.00000	0	0.00000	0	0.00000	0	0.00000	0	0.00000	612	0.00031	0	0.00000	0	0.00000	0	0.00000
Bacillus thermoamylovorans	35841	S	0	0.00000	0	0.00000	0	0.00000	0	0.00000	0	0.00000	0	0.00000	0	0.00000	0	0.00000	0	0.00000	0	0.00000	107	0.00005	0	0.00000	0	0.00000
Mageeibacillus indolicus	884684	S	0	0.00000	0	0.00000	0	0.00000	0	0.00000	0	0.00000	0	0.00000	0	0.00000	0	0.00000	0	0.00000	197	0.00010	0	0.00000	0	0.00000	0	0.00000
Christensenella massiliensis	1805714	S	0	0.00000	0	0.00000	41	0.00003	0	0.00000	37	0.00281	0	0.00000	138	0.00948	0	0.00000	32	0.00190	43596	0.02189	188	0.00009	95	0.00235	71	0.00199
Weissella paramesenteroides	1249	S	0	0.00000	0	0.00000	0	0.00000	0	0.00000	0	0.00000	0	0.00000	0	0.00000	0	0.00000	0	0.00000	0	0.00000	73	0.00003	0	0.00000	0	0.00000
Lactobacillus reuteri	1598	S	0	0.00000	15181	0.13856	219972	0.16411	484246	0.12704	213	0.01621	131	0.02506	498	0.03422	1613	0.78339	54	0.00320	20764	0.01043	364062	0.17427	8837	0.21903	1714	0.04809
Streptococcus gallolyticus	315405	S	0	0.00000	0	0.00000	128	0.00010	59	0.00002	0	0.00000	0	0.00000	0	0.00000	0	0.00000	0	0.00000	8652	0.00434	65	0.00003	0	0.00000	0	0.00000
Lactobacillus acidophilus	1579	S	0	0.00000	480	0.00438	6042	0.00451	17378	0.00456	0	0.00000	0	0.00000	0	0.00000	0	0.00000	0	0.00000	877	0.00044	9663	0.00463	124	0.00307	0	0.00000
Mobiluncus curtisii	2051	S	0	0.00000	0	0.00000	0	0.00000	0	0.00000	0	0.00000	0	0.00000	0	0.00000	0	0.00000	0	0.00000	336	0.00017	0	0.00000	0	0.00000	0	0.00000
Lactobacillus murinus	1622	S	0	0.00000	0	0.00000	0	0.00000	26	0.00001	0	0.00000	0	0.00000	0	0.00000	0	0.00000	0	0.00000	17	0.00001	0	0.00000	0	0.00000	0	0.00000
Bifidobacterium longum	216816	S	0	0.00000	0	0.00000	253	0.00019	0	0.00000	268	0.02039	0	0.00000	425	0.02920	0	0.00000	374	0.02219	102348	0.05139	286	0.00014	243	0.00602	188	0.00527
Streptococcus virus O1205	85154	S	0	0.00000	0	0.00000	0	0.00000	0	0.00000	0	0.00000	0	0.00000	0	0.00000	0	0.00000	0	0.00000	37	0.00002	0	0.00000	0	0.00000	0	0.00000
Streptococcus suis	1307	S	0	0.00000	0	0.00000	0	0.00000	0	0.00000	0	0.00000	0	0.00000	0	0.00000	0	0.00000	0	0.00000	5291	0.00266	138	0.00007	43	0.00107	0	0.00000
Brachybacterium sp. VR2415	2017485	S	0	0.00000	0	0.00000	0	0.00000	0	0.00000	0	0.00000	0	0.00000	0	0.00000	0	0.00000	0	0.00000	0	0.00000	197	0.00009	0	0.00000	0	0.00000
Lactobacillus johnsonii	33959	S	0	0.00000	37007	0.33778	365947	0.27301	1102737	0.28930	3893	0.29618	2171	0.41526	3399	0.23354	0	0.00000	3665	0.21746	112774	0.05662	449288	0.21507	12012	0.29772	15395	0.43192
Chryseobacterium gallinarum	1324352	S	0	0.00000	0	0.00000	0	0.00000	0	0.00000	0	0.00000	0	0.00000	0	0.00000	0	0.00000	0	0.00000	162	0.00008	0	0.00000	0	0.00000	0	0.00000
Bifidobacterium dentium	1689	S	0	0.00000	0	0.00000	0	0.00000	0	0.00000	0	0.00000	0	0.00000	0	0.00000	0	0.00000	0	0.00000	141	0.00007	0	0.00000	0	0.00000	0	0.00000
Collinsella aerofaciens	74426	S	0	0.00000	0	0.00000	0	0.00000	0	0.00000	0	0.00000	0	0.00000	0	0.00000	0	0.00000	0	0.00000	69	0.00003	0	0.00000	0	0.00000	0	0.00000
Murdochiella vaginalis	1852373	S	0	0.00000	0	0.00000	0	0.00000	0	0.00000	0	0.00000	0	0.00000	0	0.00000	0	0.00000	0	0.00000	2620	0.00132	0	0.00000	0	0.00000	0	0.00000
Bacteroides heparinolyticus	28113	S	0	0.00000	0	0.00000	0	0.00000	0	0.00000	0	0.00000	0	0.00000	31	0.00213	0	0.00000	0	0.00000	2838	0.00142	0	0.00000	0	0.00000	0	0.00000
[Clostridium] bolteae	208479	S	0	0.00000	0	0.00000	25	0.00002	0	0.00000	14	0.00107	0	0.00000	31	0.00213	0	0.00000	0	0.00000	10125	0.00508	47	0.00002	26	0.00064	0	0.00000
Blautia hansenii	1322	S	0	0.00000	0	0.00000	0	0.00000	0	0.00000	0	0.00000	0	0.00000	0	0.00000	0	0.00000	0	0.00000	5700	0.00286	42	0.00002	38	0.00094	0	0.00000
Staphylococcus phage phiRS7	1403390	S	0	0.00000	0	0.00000	0	0.00000	0	0.00000	0	0.00000	0	0.00000	0	0.00000	0	0.00000	0	0.00000	0	0.00000	18	0.00001	0	0.00000	0	0.00000
Gordonibacter urolithinfaciens	1335613	S	0	0.00000	0	0.00000	0	0.00000	0	0.00000	0	0.00000	0	0.00000	0	0.00000	0	0.00000	0	0.00000	6545	0.00329	27	0.00001	0	0.00000	0	0.00000
Aerococcus urinaeequi	51665	S	0	0.00000	0	0.00000	0	0.00000	0	0.00000	0	0.00000	0	0.00000	0	0.00000	0	0.00000	0	0.00000	0	0.00000	1043	0.00050	0	0.00000	0	0.00000
Streptococcus constellatus	76860	S	0	0.00000	0	0.00000	0	0.00000	0	0.00000	0	0.00000	0	0.00000	0	0.00000	0	0.00000	0	0.00000	153	0.00008	0	0.00000	0	0.00000	0	0.00000
Petrimonas mucosa	1642646	S	0	0.00000	0	0.00000	0	0.00000	0	0.00000	0	0.00000	0	0.00000	0	0.00000	0	0.00000	0	0.00000	27	0.00001	0	0.00000	0	0.00000	0	0.00000
Sediminispirochaeta smaragdinae	55206	S	0	0.00000	0	0.00000	0	0.00000	0	0.00000	0	0.00000	0	0.00000	0	0.00000	0	0.00000	0	0.00000	17	0.00001	0	0.00000	0	0.00000	0	0.00000
Pantoea vagans	470934	S	0	0.00000	0	0.00000	0	0.00000	0	0.00000	0	0.00000	0	0.00000	34	0.00234	0	0.00000	0	0.00000	0	0.00000	0	0.00000	0	0.00000	0	0.00000
Eggerthella lenta	84112	S	0	0.00000	0	0.00000	0	0.00000	0	0.00000	0	0.00000	0	0.00000	0	0.00000	0	0.00000	0	0.00000	810	0.00041	0	0.00000	0	0.00000	0	0.00000
Dietzia sp. oral taxon 368	712270	S	0	0.00000	0	0.00000	0	0.00000	0	0.00000	0	0.00000	0	0.00000	0	0.00000	0	0.00000	0	0.00000	0	0.00000	140	0.00007	0	0.00000	0	0.00000
Lactobacillus helveticus	1587	S	0	0.00000	27101	0.24736	369973	0.27602	1082535	0.28400	197	0.01499	0	0.00000	0	0.00000	0	0.00000	105	0.00623	14908	0.00748	569731	0.27272	6717	0.16648	0	0.00000
Bacillus cereus	1396	S	0	0.00000	0	0.00000	0	0.00000	0	0.00000	0	0.00000	0	0.00000	0	0.00000	0	0.00000	0	0.00000	131	0.00007	0	0.00000	0	0.00000	0	0.00000
Streptococcus dysgalactiae	1334	S	0	0.00000	0	0.00000	0	0.00000	0	0.00000	0	0.00000	0	0.00000	0	0.00000	0	0.00000	0	0.00000	161	0.00008	28	0.00001	0	0.00000	0	0.00000
Odoribacter splanchnicus	28118	S	0	0.00000	0	0.00000	10	0.00001	0	0.00000	0	0.00000	0	0.00000	0	0.00000	0	0.00000	0	0.00000	387	0.00019	23	0.00001	26	0.00064	0	0.00000
Olsenella sp. oral taxon 807	712411	S	0	0.00000	0	0.00000	0	0.00000	0	0.00000	0	0.00000	0	0.00000	0	0.00000	0	0.00000	0	0.00000	21	0.00001	0	0.00000	0	0.00000	0	0.00000
Trueperella pyogenes	1661	S	0	0.00000	0	0.00000	0	0.00000	0	0.00000	0	0.00000	0	0.00000	0	0.00000	0	0.00000	0	0.00000	143	0.00007	0	0.00000	0	0.00000	0	0.00000
Ruminococcus albus	1264	S	0	0.00000	0	0.00000	0	0.00000	0	0.00000	0	0.00000	0	0.00000	0	0.00000	0	0.00000	0	0.00000	109	0.00005	0	0.00000	0	0.00000	0	0.00000
Cutibacterium acnes	1747	S	0	0.00000	71	0.00065	73	0.00005	22	0.00001	1171	0.08909	191	0.03653	2009	0.13804	103	0.05002	117	0.00694	39	0.00002	177	0.00008	53	0.00131	936	0.02626
Helicobacter sp. MIT 01-6242	222136	S	0	0.00000	198	0.00181	0	0.00000	0	0.00000	0	0.00000	0	0.00000	0	0.00000	0	0.00000	0	0.00000	239	0.00012	0	0.00000	0	0.00000	0	0.00000
Akkermansia muciniphila	239935	S	0	0.00000	0	0.00000	0	0.00000	0	0.00000	0	0.00000	0	0.00000	0	0.00000	0	0.00000	0	0.00000	19	0.00001	0	0.00000	0	0.00000	0	0.00000
Enterococcus sp. FDAARGOS_375	2060307	S	0	0.00000	0	0.00000	0	0.00000	0	0.00000	0	0.00000	0	0.00000	0	0.00000	0	0.00000	0	0.00000	0	0.00000	40	0.00002	0	0.00000	0	0.00000
Escherichia coli	562	S	0	0.00000	0	0.00000	88	0.00007	0	0.00000	375	0.02853	0	0.00000	0	0.00000	0	0.00000	1600	0.09493	12798	0.00643	319	0.00015	0	0.00000	4010	0.11250
Human betaherpesvirus 7	10372	S	0	0.00000	0	0.00000	0	0.00000	0	0.00000	0	0.00000	0	0.00000	0	0.00000	0	0.00000	0	0.00000	0	0.00000	0	0.00000	0	0.00000	18	0.00051
Bifidobacterium angulatum	1683	S	0	0.00000	0	0.00000	0	0.00000	0	0.00000	0	0.00000	0	0.00000	0	0.00000	0	0.00000	0	0.00000	415	0.00021	0	0.00000	0	0.00000	0	0.00000
Lachnoclostridium sp. YL32	1834196	S	0	0.00000	0	0.00000	0	0.00000	0	0.00000	0	0.00000	0	0.00000	0	0.00000	0	0.00000	0	0.00000	5321	0.00267	16	0.00001	14	0.00035	0	0.00000
Lactobacillus phage phiAQ113	1206110	S	0	0.00000	0	0.00000	26	0.00002	155	0.00004	0	0.00000	0	0.00000	0	0.00000	0	0.00000	0	0.00000	0	0.00000	76	0.00004	0	0.00000	0	0.00000
Bifidobacterium thermophilum	33905	S	0	0.00000	0	0.00000	0	0.00000	0	0.00000	0	0.00000	0	0.00000	0	0.00000	0	0.00000	0	0.00000	963	0.00048	0	0.00000	0	0.00000	0	0.00000
Bifidobacterium kashiwanohense	630129	S	0	0.00000	0	0.00000	0	0.00000	0	0.00000	0	0.00000	0	0.00000	157	0.01079	0	0.00000	0	0.00000	43433	0.02181	128	0.00006	0	0.00000	0	0.00000
Gordonibacter massiliensis	1841863	S	0	0.00000	0	0.00000	0	0.00000	0	0.00000	0	0.00000	0	0.00000	0	0.00000	0	0.00000	0	0.00000	220	0.00011	0	0.00000	0	0.00000	0	0.00000
Bacteroides zoogleoformans	28119	S	0	0.00000	0	0.00000	0	0.00000	0	0.00000	0	0.00000	0	0.00000	0	0.00000	0	0.00000	0	0.00000	331	0.00017	0	0.00000	0	0.00000	0	0.00000
Adlercreutzia equolifaciens	446660	S	0	0.00000	0	0.00000	0	0.00000	0	0.00000	0	0.00000	0	0.00000	0	0.00000	0	0.00000	0	0.00000	177	0.00009	0	0.00000	0	0.00000	0	0.00000
Lactobacillus kefiranofaciens	267818	S	0	0.00000	1254	0.01145	16106	0.01202	51304	0.01346	0	0.00000	0	0.00000	0	0.00000	0	0.00000	0	0.00000	3516	0.00177	26664	0.01276	369	0.00915	0	0.00000
Bifidobacterium asteroides	1684	S	0	0.00000	0	0.00000	0	0.00000	0	0.00000	0	0.00000	0	0.00000	0	0.00000	0	0.00000	0	0.00000	56	0.00003	0	0.00000	0	0.00000	0	0.00000
Ethanoligenens harbinense	253239	S	0	0.00000	0	0.00000	0	0.00000	0	0.00000	0	0.00000	0	0.00000	0	0.00000	0	0.00000	0	0.00000	35	0.00002	0	0.00000	0	0.00000	0	0.00000
Stenotrophomonas maltophilia	40324	S	0	0.00000	0	0.00000	0	0.00000	0	0.00000	0	0.00000	0	0.00000	0	0.00000	0	0.00000	0	0.00000	0	0.00000	34	0.00002	0	0.00000	0	0.00000
Denitrobacterium detoxificans	79604	S	0	0.00000	0	0.00000	0	0.00000	0	0.00000	0	0.00000	0	0.00000	0	0.00000	0	0.00000	0	0.00000	37	0.00002	0	0.00000	0	0.00000	0	0.00000
Streptococcus pneumoniae	1313	S	0	0.00000	0	0.00000	0	0.00000	0	0.00000	0	0.00000	0	0.00000	0	0.00000	0	0.00000	0	0.00000	0	0.00000	47	0.00002	0	0.00000	0	0.00000
Candidatus Sulcia muelleri	336810	S	0	0.00000	0	0.00000	0	0.00000	0	0.00000	0	0.00000	0	0.00000	16	0.00110	0	0.00000	10	0.00059	0	0.00000	0	0.00000	0	0.00000	0	0.00000
Parabacteroides distasonis	823	S	0	0.00000	0	0.00000	0	0.00000	0	0.00000	0	0.00000	0	0.00000	0	0.00000	0	0.00000	0	0.00000	25	0.00001	22	0.00001	0	0.00000	0	0.00000
Butyrivibrio proteoclasticus	43305	S	0	0.00000	0	0.00000	0	0.00000	0	0.00000	0	0.00000	0	0.00000	0	0.00000	0	0.00000	0	0.00000	41	0.00002	0	0.00000	0	0.00000	0	0.00000
Escherichia virus phiX174	10847	S	0	0.00000	0	0.00000	10	0.00001	0	0.00000	0	0.00000	0	0.00000	11	0.00076	0	0.00000	10	0.00059	0	0.00000	0	0.00000	0	0.00000	0	0.00000
Bifidobacterium scardovii	158787	S	0	0.00000	0	0.00000	0	0.00000	0	0.00000	0	0.00000	0	0.00000	12	0.00082	0	0.00000	0	0.00000	2554	0.00128	0	0.00000	0	0.00000	0	0.00000
Bradyrhizobium sp. SK17	2057741	S	0	0.00000	0	0.00000	26	0.00002	0	0.00000	0	0.00000	0	0.00000	204	0.01402	0	0.00000	21	0.00125	0	0.00000	0	0.00000	30	0.00074	46	0.00129
Lactobacillus sakei	1599	S	0	0.00000	46	0.00042	523	0.00039	857	0.00022	0	0.00000	0	0.00000	41	0.00282	0	0.00000	0	0.00000	0	0.00000	431	0.00021	0	0.00000	3884	0.10897
Streptococcus pyogenes	1314	S	0	0.00000	0	0.00000	0	0.00000	0	0.00000	0	0.00000	0	0.00000	0	0.00000	0	0.00000	0	0.00000	898	0.00045	0	0.00000	0	0.00000	0	0.00000
Desulfovibrio vulgaris	881	S	0	0.00000	0	0.00000	0	0.00000	0	0.00000	0	0.00000	0	0.00000	0	0.00000	0	0.00000	0	0.00000	33	0.00002	0	0.00000	0	0.00000	0	0.00000
Corynebacterium glutamicum	1718	S	0	0.00000	0	0.00000	0	0.00000	944	0.00025	0	0.00000	0	0.00000	0	0.00000	0	0.00000	0	0.00000	0	0.00000	2808	0.00134	0	0.00000	0	0.00000
Lactococcus lactis	1358	S	0	0.00000	0	0.00000	0	0.00000	0	0.00000	462	0.03515	0	0.00000	0	0.00000	0	0.00000	0	0.00000	597	0.00030	0	0.00000	0	0.00000	0	0.00000
Streptococcus salivarius	1304	S	0	0.00000	0	0.00000	0	0.00000	0	0.00000	0	0.00000	0	0.00000	0	0.00000	0	0.00000	0	0.00000	38	0.00002	0	0.00000	0	0.00000	0	0.00000
Gallibacterium anatis	750	S	0	0.00000	0	0.00000	0	0.00000	0	0.00000	1706	0.12979	2204	0.42158	993	0.06823	0	0.00000	0	0.00000	33	0.00002	0	0.00000	0	0.00000	702	0.01970
Campylobacter avium	522485	S	0	0.00000	0	0.00000	0	0.00000	0	0.00000	0	0.00000	0	0.00000	0	0.00000	0	0.00000	0	0.00000	2370	0.00119	0	0.00000	0	0.00000	0	0.00000
Lactobacillus salivarius	1624	S	0	0.00000	264	0.00241	4740	0.00354	13274	0.00348	527	0.04009	81	0.01549	381	0.02618	0	0.00000	464	0.02753	62583	0.03142	8899	0.00426	185	0.00459	1973	0.05535
Bifidobacterium pseudocatenulatum	28026	S	0	0.00000	0	0.00000	0	0.00000	0	0.00000	0	0.00000	0	0.00000	0	0.00000	0	0.00000	0	0.00000	3524	0.00177	0	0.00000	0	0.00000	0	0.00000
Clostridium sp. SY8519	1042156	S	0	0.00000	0	0.00000	0	0.00000	0	0.00000	0	0.00000	0	0.00000	0	0.00000	0	0.00000	0	0.00000	177	0.00009	0	0.00000	0	0.00000	0	0.00000
Enterococcus casseliflavus	37734	S	0	0.00000	0	0.00000	0	0.00000	0	0.00000	0	0.00000	0	0.00000	0	0.00000	0	0.00000	0	0.00000	0	0.00000	26	0.00001	0	0.00000	0	0.00000
[Eubacterium] rectale	39491	S	0	0.00000	0	0.00000	0	0.00000	0	0.00000	0	0.00000	0	0.00000	0	0.00000	0	0.00000	0	0.00000	3031	0.00152	28	0.00001	0	0.00000	0	0.00000
Corynebacterium crudilactis	1652495	S	0	0.00000	0	0.00000	0	0.00000	0	0.00000	0	0.00000	0	0.00000	0	0.00000	0	0.00000	0	0.00000	0	0.00000	11	0.00001	0	0.00000	0	0.00000
Brevefilum fermentans	1986204	S	0	0.00000	0	0.00000	0	0.00000	0	0.00000	0	0.00000	0	0.00000	0	0.00000	0	0.00000	0	0.00000	22	0.00001	0	0.00000	0	0.00000	0	0.00000
Staphylococcus nepalensis	214473	S	0	0.00000	0	0.00000	0	0.00000	0	0.00000	0	0.00000	0	0.00000	0	0.00000	0	0.00000	0	0.00000	0	0.00000	78	0.00004	0	0.00000	0	0.00000
Lactobacillus paracollinoides	240427	S	0	0.00000	0	0.00000	0	0.00000	18	0.00000	0	0.00000	0	0.00000	0	0.00000	0	0.00000	0	0.00000	0	0.00000	0	0.00000	0	0.00000	278	0.00780
Streptococcus equi	1336	S	0	0.00000	0	0.00000	0	0.00000	0	0.00000	0	0.00000	0	0.00000	0	0.00000	0	0.00000	0	0.00000	29	0.00001	0	0.00000	0	0.00000	0	0.00000
Lactobacillus paracasei	1597	S	0	0.00000	0	0.00000	112	0.00008	403	0.00011	0	0.00000	0	0.00000	0	0.00000	0	0.00000	0	0.00000	0	0.00000	179	0.00009	0	0.00000	0	0.00000
Coriobacteriaceae bacterium 68-1-3	1531429	S	0	0.00000	0	0.00000	0	0.00000	0	0.00000	0	0.00000	0	0.00000	0	0.00000	0	0.00000	0	0.00000	224	0.00011	0	0.00000	0	0.00000	0	0.00000
Micrococcus luteus	1270	S	0	0.00000	0	0.00000	0	0.00000	0	0.00000	0	0.00000	0	0.00000	26	0.00179	0	0.00000	0	0.00000	0	0.00000	0	0.00000	0	0.00000	0	0.00000
Lactococcus garvieae	1363	S	0	0.00000	0	0.00000	0	0.00000	0	0.00000	13	0.00099	0	0.00000	0	0.00000	0	0.00000	0	0.00000	19	0.00001	0	0.00000	0	0.00000	0	0.00000
Streptococcus infantarius	102684	S	0	0.00000	0	0.00000	283	0.00021	127	0.00003	0	0.00000	0	0.00000	0	0.00000	0	0.00000	0	0.00000	13024	0.00654	0	0.00000	0	0.00000	0	0.00000
Enterococcus faecium	1352	S	0	0.00000	21	0.00019	121	0.00009	274	0.00007	0	0.00000	0	0.00000	310	0.02130	0	0.00000	78	0.00463	30679	0.01540	1017	0.00049	54	0.00134	0	0.00000
Leuconostoc lactis	1246	S	0	0.00000	0	0.00000	33	0.00002	59	0.00002	0	0.00000	0	0.00000	0	0.00000	0	0.00000	0	0.00000	0	0.00000	27	0.00001	0	0.00000	0	0.00000
Gardnerella vaginalis	2702	S	0	0.00000	0	0.00000	0	0.00000	0	0.00000	0	0.00000	0	0.00000	16	0.00110	0	0.00000	0	0.00000	0	0.00000	0	0.00000	0	0.00000	0	0.00000
Bacteroides caccae	47678	S	0	0.00000	0	0.00000	0	0.00000	0	0.00000	0	0.00000	0	0.00000	0	0.00000	0	0.00000	0	0.00000	556	0.00028	0	0.00000	0	0.00000	0	0.00000
Lawsonia intracellularis	29546	S	0	0.00000	0	0.00000	0	0.00000	0	0.00000	0	0.00000	0	0.00000	0	0.00000	0	0.00000	0	0.00000	48	0.00002	0	0.00000	0	0.00000	0	0.00000
Lactobacillus plantarum	1590	S	0	0.00000	1609	0.01469	22700	0.01694	67161	0.01762	0	0.00000	0	0.00000	0	0.00000	0	0.00000	0	0.00000	940	0.00047	37912	0.01815	708	0.01755	0	0.00000
Streptococcus agalactiae	1311	S	0	0.00000	0	0.00000	0	0.00000	0	0.00000	0	0.00000	0	0.00000	0	0.00000	0	0.00000	0	0.00000	2593	0.00130	291	0.00014	0	0.00000	0	0.00000
Leuconostoc mesenteroides	1245	S	0	0.00000	0	0.00000	0	0.00000	0	0.00000	0	0.00000	0	0.00000	0	0.00000	0	0.00000	0	0.00000	232	0.00012	0	0.00000	0	0.00000	0	0.00000
Lactobacillus coryniformis	1610	S	0	0.00000	16	0.00015	69	0.00005	259	0.00007	0	0.00000	0	0.00000	0	0.00000	0	0.00000	0	0.00000	0	0.00000	270	0.00013	0	0.00000	0	0.00000
Staphylococcus xylosus	1288	S	0	0.00000	0	0.00000	0	0.00000	32	0.00001	0	0.00000	0	0.00000	0	0.00000	0	0.00000	0	0.00000	0	0.00000	1905	0.00091	31	0.00077	0	0.00000
Blautia sp. N6H1-15	1912897	S	0	0.00000	0	0.00000	0	0.00000	0	0.00000	0	0.00000	0	0.00000	0	0.00000	0	0.00000	0	0.00000	4619	0.00232	0	0.00000	0	0.00000	0	0.00000
Enterococcus faecalis	1351	S	0	0.00000	0	0.00000	0	0.00000	0	0.00000	478	0.03637	0	0.00000	0	0.00000	0	0.00000	0	0.00000	204	0.00010	17	0.00001	0	0.00000	0	0.00000
Scardovia inopinata	78259	S	0	0.00000	0	0.00000	0	0.00000	16	0.00000	0	0.00000	0	0.00000	0	0.00000	0	0.00000	0	0.00000	0	0.00000	19	0.00001	0	0.00000	0	0.00000
Bifidobacterium adolescentis	1680	S	0	0.00000	0	0.00000	0	0.00000	0	0.00000	0	0.00000	0	0.00000	0	0.00000	0	0.00000	0	0.00000	1206	0.00061	0	0.00000	0	0.00000	0	0.00000
Helicobacter apodemus	135569	S	0	0.00000	0	0.00000	0	0.00000	0	0.00000	0	0.00000	0	0.00000	0	0.00000	0	0.00000	0	0.00000	1299	0.00065	0	0.00000	0	0.00000	0	0.00000
Vagococcus teuberi	519472	S	0	0.00000	0	0.00000	0	0.00000	13	0.00000	0	0.00000	0	0.00000	0	0.00000	0	0.00000	0	0.00000	0	0.00000	0	0.00000	0	0.00000	0	0.00000
Lactobacillus mucosae	97478	S	0	0.00000	198	0.00181	2402	0.00179	7105	0.00186	0	0.00000	0	0.00000	0	0.00000	0	0.00000	0	0.00000	49	0.00002	8189	0.00392	73	0.00181	0	0.00000
Bifidobacterium actinocoloniiforme	638619	S	0	0.00000	0	0.00000	0	0.00000	0	0.00000	0	0.00000	0	0.00000	0	0.00000	0	0.00000	0	0.00000	25	0.00001	0	0.00000	0	0.00000	0	0.00000
Bacteroides caecimuris	1796613	S	0	0.00000	0	0.00000	0	0.00000	0	0.00000	0	0.00000	0	0.00000	40	0.00275	0	0.00000	0	0.00000	9504	0.00477	0	0.00000	0	0.00000	14	0.00039
Lactobacillus backii	375175	S	0	0.00000	0	0.00000	24	0.00002	89	0.00002	0	0.00000	0	0.00000	0	0.00000	0	0.00000	0	0.00000	0	0.00000	46	0.00002	0	0.00000	0	0.00000
Acinetobacter indicus	756892	S	0	0.00000	0	0.00000	0	0.00000	0	0.00000	0	0.00000	0	0.00000	0	0.00000	0	0.00000	0	0.00000	0	0.00000	476	0.00023	0	0.00000	0	0.00000
Megasphaera elsdenii	907	S	0	0.00000	0	0.00000	0	0.00000	0	0.00000	0	0.00000	0	0.00000	0	0.00000	0	0.00000	0	0.00000	434	0.00022	0	0.00000	0	0.00000	0	0.00000
Lactobacillus apis	303541	S	0	0.00000	0	0.00000	57	0.00004	202	0.00005	0	0.00000	0	0.00000	0	0.00000	0	0.00000	0	0.00000	0	0.00000	74	0.00004	0	0.00000	0	0.00000
Pantoea agglomerans	549	S	0	0.00000	0	0.00000	0	0.00000	0	0.00000	0	0.00000	0	0.00000	0	0.00000	0	0.00000	0	0.00000	0	0.00000	69	0.00003	0	0.00000	0	0.00000
Anaerostipes hadrus	649756	S	0	0.00000	0	0.00000	0	0.00000	0	0.00000	0	0.00000	0	0.00000	26	0.00179	0	0.00000	0	0.00000	7766	0.00390	18	0.00001	0	0.00000	0	0.00000
Lactobacillus amylovorus	1604	S	0	0.00000	21075	0.19236	267371	0.19947	796121	0.20886	311	0.02366	47	0.00899	177	0.01216	0	0.00000	171	0.01015	31556	0.01584	437361	0.20936	5311	0.13164	365	0.01024
Ruminiclostridium sp. KB18	1834198	S	0	0.00000	0	0.00000	0	0.00000	0	0.00000	0	0.00000	0	0.00000	13	0.00089	0	0.00000	0	0.00000	3872	0.00194	13	0.00001	0	0.00000	0	0.00000
Entomoplasma melaleucae	81459	S	0	0.00000	0	0.00000	0	0.00000	0	0.00000	0	0.00000	0	0.00000	0	0.00000	0	0.00000	0	0.00000	0	0.00000	0	0.00000	0	0.00000	13	0.00036
Olsenella uli	133926	S	0	0.00000	0	0.00000	0	0.00000	0	0.00000	0	0.00000	0	0.00000	0	0.00000	0	0.00000	0	0.00000	121	0.00006	0	0.00000	0	0.00000	0	0.00000
Staphylococcus equorum	246432	S	0	0.00000	0	0.00000	0	0.00000	0	0.00000	0	0.00000	0	0.00000	0	0.00000	0	0.00000	0	0.00000	0	0.00000	737	0.00035	0	0.00000	0	0.00000
Olsenella sp. Marseille-P2300	1805478	S	0	0.00000	0	0.00000	0	0.00000	0	0.00000	23	0.00175	0	0.00000	75	0.00515	0	0.00000	0	0.00000	21523	0.01081	0	0.00000	0	0.00000	400	0.01122
Eggerthella sp. YY7918	502558	S	0	0.00000	0	0.00000	0	0.00000	0	0.00000	0	0.00000	0	0.00000	0	0.00000	0	0.00000	0	0.00000	4987	0.00250	0	0.00000	0	0.00000	0	0.00000
Pediococcus claussenii	187452	S	0	0.00000	0	0.00000	0	0.00000	417	0.00011	0	0.00000	0	0.00000	0	0.00000	0	0.00000	0	0.00000	0	0.00000	973	0.00047	0	0.00000	0	0.00000
Peptostreptococcaceae bacterium oral taxon 929	2081703	S	0	0.00000	0	0.00000	0	0.00000	0	0.00000	0	0.00000	0	0.00000	0	0.00000	0	0.00000	0	0.00000	57	0.00003	0	0.00000	0	0.00000	0	0.00000
Bifidobacterium animalis	28025	S	0	0.00000	0	0.00000	0	0.00000	0	0.00000	0	0.00000	0	0.00000	0	0.00000	0	0.00000	0	0.00000	36909	0.01853	0	0.00000	0	0.00000	0	0.00000
Avian dependoparvovirus 1	1511894	S	0	0.00000	0	0.00000	0	0.00000	0	0.00000	0	0.00000	0	0.00000	0	0.00000	0	0.00000	77	0.00457	28853	0.01449	0	0.00000	0	0.00000	0	0.00000
Xanthomonas sacchari	56458	S	0	0.00000	0	0.00000	0	0.00000	0	0.00000	0	0.00000	0	0.00000	0	0.00000	0	0.00000	0	0.00000	0	0.00000	51	0.00002	0	0.00000	0	0.00000
Nocardiopsis alba	53437	S	0	0.00000	0	0.00000	0	0.00000	18	0.00000	0	0.00000	0	0.00000	0	0.00000	0	0.00000	0	0.00000	0	0.00000	87	0.00004	0	0.00000	0	0.00000
Pseudomonas aeruginosa	287	S	0	0.00000	0	0.00000	0	0.00000	0	0.00000	0	0.00000	0	0.00000	363	0.02494	0	0.00000	0	0.00000	0	0.00000	0	0.00000	0	0.00000	0	0.00000
Staphylococcus condimenti	70255	S	0	0.00000	0	0.00000	0	0.00000	0	0.00000	0	0.00000	0	0.00000	0	0.00000	0	0.00000	0	0.00000	0	0.00000	21	0.00001	0	0.00000	0	0.00000
Fowl aviadenovirus D	190064	S	0	0.00000	28	0.00026	23	0.00002	25	0.00001	18	0.00137	14	0.00268	291	0.01999	343	0.16659	2855	0.16940	4255	0.00214	0	0.00000	0	0.00000	0	0.00000
Fowl aviadenovirus E	190065	S	0	0.00000	10	0.00009	945	0.00071	11	0.00000	0	0.00000	0	0.00000	0	0.00000	0	0.00000	12	0.00071	13	0.00001	25	0.00001	22	0.00055	0	0.00000
Desulfurivibrio alkaliphilus	427923	S	0	0.00000	0	0.00000	0	0.00000	0	0.00000	0	0.00000	0	0.00000	0	0.00000	0	0.00000	0	0.00000	132	0.00007	0	0.00000	0	0.00000	0	0.00000
Weissella jogaejeotgali	1631871	S	0	0.00000	0	0.00000	0	0.00000	0	0.00000	0	0.00000	0	0.00000	0	0.00000	0	0.00000	0	0.00000	179	0.00009	69	0.00003	0	0.00000	0	0.00000
Corynebacterium ammoniagenes	1697	S	0	0.00000	0	0.00000	0	0.00000	54	0.00001	0	0.00000	0	0.00000	0	0.00000	0	0.00000	0	0.00000	0	0.00000	190	0.00009	0	0.00000	0	0.00000
Brevibacterium linens	1703	S	0	0.00000	0	0.00000	0	0.00000	0	0.00000	0	0.00000	0	0.00000	0	0.00000	0	0.00000	0	0.00000	193	0.00010	1193	0.00057	0	0.00000	0	0.00000
Lactobacillus jensenii	109790	S	0	0.00000	0	0.00000	126	0.00009	361	0.00009	0	0.00000	0	0.00000	0	0.00000	0	0.00000	0	0.00000	0	0.00000	236	0.00011	0	0.00000	0	0.00000
Mordavella sp. Marseille-P3756	2086584	S	0	0.00000	32	0.00029	160	0.00012	20	0.00001	207	0.01575	42	0.00803	462	0.03174	0	0.00000	96	0.00570	180918	0.09083	1020	0.00049	464	0.01150	203	0.00570
Lachnoclostridium phytofermentans	66219	S	0	0.00000	0	0.00000	0	0.00000	0	0.00000	0	0.00000	0	0.00000	0	0.00000	0	0.00000	0	0.00000	92	0.00005	0	0.00000	0	0.00000	0	0.00000
Tessaracoccus sp. Marseille-P5995	2161816	S	0	0.00000	0	0.00000	0	0.00000	0	0.00000	0	0.00000	0	0.00000	0	0.00000	0	0.00000	0	0.00000	0	0.00000	19	0.00001	0	0.00000	0	0.00000
Lachnoclostridium phocaeense	1871021	S	0	0.00000	31	0.00028	161	0.00012	33	0.00001	297	0.02260	68	0.01301	599	0.04116	0	0.00000	118	0.00700	186454	0.09361	867	0.00042	449	0.01113	176	0.00494
[Eubacterium] eligens	39485	S	0	0.00000	0	0.00000	0	0.00000	0	0.00000	0	0.00000	0	0.00000	0	0.00000	0	0.00000	0	0.00000	61	0.00003	0	0.00000	0	0.00000	0	0.00000
Ruminococcus bicirculans	1160721	S	0	0.00000	0	0.00000	0	0.00000	0	0.00000	0	0.00000	0	0.00000	0	0.00000	0	0.00000	0	0.00000	141	0.00007	0	0.00000	0	0.00000	0	0.00000
Bifidobacterium choerinum	35760	S	0	0.00000	0	0.00000	0	0.00000	0	0.00000	0	0.00000	0	0.00000	0	0.00000	0	0.00000	0	0.00000	356	0.00018	0	0.00000	0	0.00000	0	0.00000
Tetragenococcus halophilus	51669	S	0	0.00000	0	0.00000	0	0.00000	0	0.00000	0	0.00000	0	0.00000	0	0.00000	0	0.00000	0	0.00000	14	0.00001	0	0.00000	0	0.00000	0	0.00000
Staphylococcus sciuri	1296	S	0	0.00000	0	0.00000	0	0.00000	0	0.00000	0	0.00000	0	0.00000	0	0.00000	0	0.00000	0	0.00000	0	0.00000	26	0.00001	0	0.00000	0	0.00000
Streptococcus pasteurianus	197614	S	0	0.00000	0	0.00000	0	0.00000	0	0.00000	0	0.00000	0	0.00000	0	0.00000	0	0.00000	0	0.00000	2368	0.00119	0	0.00000	0	0.00000	0	0.00000
Staphylococcus simulans	1286	S	0	0.00000	0	0.00000	0	0.00000	0	0.00000	0	0.00000	0	0.00000	0	0.00000	0	0.00000	0	0.00000	0	0.00000	23	0.00001	0	0.00000	0	0.00000
Enterococcus gilvus	160453	S	0	0.00000	0	0.00000	0	0.00000	0	0.00000	0	0.00000	0	0.00000	0	0.00000	0	0.00000	0	0.00000	121	0.00006	0	0.00000	0	0.00000	0	0.00000
Turicibacter sp. H121	1712675	S	0	0.00000	0	0.00000	0	0.00000	0	0.00000	0	0.00000	0	0.00000	0	0.00000	0	0.00000	0	0.00000	195	0.00010	21	0.00001	0	0.00000	0	0.00000
Clostridium cochlearium	1494	S	0	0.00000	0	0.00000	0	0.00000	0	0.00000	0	0.00000	0	0.00000	0	0.00000	0	0.00000	0	0.00000	130	0.00007	0	0.00000	0	0.00000	0	0.00000
Slackia heliotrinireducens	84110	S	0	0.00000	0	0.00000	0	0.00000	0	0.00000	0	0.00000	0	0.00000	0	0.00000	0	0.00000	0	0.00000	19	0.00001	0	0.00000	0	0.00000	0	0.00000
